-- MySQL dump 10.13  Distrib 8.0.19, for Win64 (x86_64)
--
-- Host: 50.6.138.105    Database: secur168_securescope
-- ------------------------------------------------------
-- Server version	5.7.23-23

/*!40101 SET @OLD_CHARACTER_SET_CLIENT=@@CHARACTER_SET_CLIENT */;
/*!40101 SET @OLD_CHARACTER_SET_RESULTS=@@CHARACTER_SET_RESULTS */;
/*!40101 SET @OLD_COLLATION_CONNECTION=@@COLLATION_CONNECTION */;
/*!50503 SET NAMES utf8mb4 */;
/*!40103 SET @OLD_TIME_ZONE=@@TIME_ZONE */;
/*!40103 SET TIME_ZONE='+00:00' */;
/*!40014 SET @OLD_UNIQUE_CHECKS=@@UNIQUE_CHECKS, UNIQUE_CHECKS=0 */;
/*!40014 SET @OLD_FOREIGN_KEY_CHECKS=@@FOREIGN_KEY_CHECKS, FOREIGN_KEY_CHECKS=0 */;
/*!40101 SET @OLD_SQL_MODE=@@SQL_MODE, SQL_MODE='NO_AUTO_VALUE_ON_ZERO' */;
/*!40111 SET @OLD_SQL_NOTES=@@SQL_NOTES, SQL_NOTES=0 */;

--
-- Table structure for table `areas`
--

DROP TABLE IF EXISTS `areas`;
/*!40101 SET @saved_cs_client     = @@character_set_client */;
/*!50503 SET character_set_client = utf8mb4 */;
CREATE TABLE `areas` (
  `id` bigint(20) unsigned NOT NULL AUTO_INCREMENT,
  `nome` varchar(255) COLLATE utf8mb4_unicode_ci NOT NULL,
  `ativo` tinyint(1) NOT NULL DEFAULT '1',
  `data_cadastro` datetime NOT NULL DEFAULT '2025-03-09 15:11:23',
  `created_at` timestamp NULL DEFAULT NULL,
  `updated_at` timestamp NULL DEFAULT NULL,
  PRIMARY KEY (`id`)
) ENGINE=InnoDB AUTO_INCREMENT=25 DEFAULT CHARSET=utf8mb4 COLLATE=utf8mb4_unicode_ci;
/*!40101 SET character_set_client = @saved_cs_client */;

--
-- Dumping data for table `areas`
--

LOCK TABLES `areas` WRITE;
/*!40000 ALTER TABLE `areas` DISABLE KEYS */;
INSERT INTO `areas` VALUES (1,'Perímetro',1,'2025-03-09 15:11:23','2025-03-25 00:36:03','2025-03-25 00:36:03'),(2,'Portaria',1,'2025-03-09 15:11:23','2025-03-25 00:36:10','2025-03-25 00:36:10'),(3,'Acesso Pedestre',1,'2025-03-09 15:11:23','2025-03-25 01:40:18','2025-03-25 01:40:18'),(4,'Acesso Veículos',1,'2025-03-09 15:11:23','2025-03-25 01:40:35','2025-03-25 01:40:35'),(5,'Acesso Caminhões',1,'2025-03-09 15:11:23','2025-03-25 01:40:44','2025-03-25 01:40:44'),(6,'Sala De Monitoramento',1,'2025-03-09 15:11:23','2025-03-25 01:40:51','2025-03-25 01:40:51'),(7,'Bolsão De Caminhões',1,'2025-03-09 15:11:23','2025-03-25 01:40:59','2025-03-25 01:40:59'),(8,'Estacionamento de Veículos',1,'2025-03-09 15:11:23','2025-03-25 01:41:08','2025-03-25 01:41:08'),(9,'Unidade',1,'2025-03-09 15:11:23','2025-03-25 01:41:23','2025-03-25 01:41:23'),(10,'Acesso ao Galpão',1,'2025-03-09 15:11:23','2025-03-25 01:41:42','2025-03-25 01:41:42'),(11,'Galpão',1,'2025-03-09 15:11:23','2025-03-25 01:41:58','2025-03-25 01:41:58'),(12,'Docas',1,'2025-03-09 15:11:23','2025-03-25 01:42:09','2025-03-25 01:42:09'),(13,'Saídas de Emergência',1,'2025-03-09 15:11:23','2025-03-25 01:42:19','2025-03-25 01:42:19'),(14,'Vestiário',1,'2025-03-09 15:11:23','2025-03-25 01:42:26','2025-03-25 01:42:26'),(15,'Descarte',1,'2025-03-09 15:11:23','2025-03-25 01:42:33','2025-03-25 01:42:33'),(16,'Equipe de Segurança',1,'2025-03-09 15:11:23','2025-03-25 01:42:43','2025-03-25 01:42:43'),(17,'Alto Risco',1,'2025-03-09 15:11:23','2025-03-25 01:42:53','2025-03-25 01:42:53'),(18,'Sala de Segurança',1,'2025-03-09 15:11:23','2025-03-25 01:43:01','2025-03-25 01:43:01'),(19,'Sala de Segurança',1,'2025-03-09 15:11:23','2025-03-25 01:43:09','2025-03-25 01:43:09'),(20,'Laboratório',1,'2025-03-09 15:11:23','2025-03-25 01:43:17','2025-03-25 01:43:17'),(21,'Pier/ Cais',1,'2025-03-09 15:11:23','2025-03-25 01:43:25','2025-03-25 01:43:25'),(22,'Subestação',1,'2025-03-09 15:11:23','2025-03-25 01:43:36','2025-03-25 01:43:36'),(23,'Nobreak',1,'2025-03-09 15:11:23','2025-03-25 01:43:43','2025-03-25 01:43:43'),(24,'Centro de Controle',1,'2025-03-09 15:11:23','2025-03-25 01:43:51','2025-03-25 01:43:51');
/*!40000 ALTER TABLE `areas` ENABLE KEYS */;
UNLOCK TABLES;

--
-- Table structure for table `arquivos`
--

DROP TABLE IF EXISTS `arquivos`;
/*!40101 SET @saved_cs_client     = @@character_set_client */;
/*!50503 SET character_set_client = utf8mb4 */;
CREATE TABLE `arquivos` (
  `id` bigint(20) unsigned NOT NULL AUTO_INCREMENT,
  `nome` varchar(255) COLLATE utf8mb4_unicode_ci NOT NULL,
  `tamanho` varchar(255) COLLATE utf8mb4_unicode_ci NOT NULL,
  `caminho` varchar(255) COLLATE utf8mb4_unicode_ci NOT NULL,
  `data_cadastro` datetime NOT NULL DEFAULT '2025-03-09 15:11:23',
  `created_at` timestamp NULL DEFAULT NULL,
  `updated_at` timestamp NULL DEFAULT NULL,
  PRIMARY KEY (`id`)
) ENGINE=InnoDB AUTO_INCREMENT=8 DEFAULT CHARSET=utf8mb4 COLLATE=utf8mb4_unicode_ci;
/*!40101 SET character_set_client = @saved_cs_client */;

--
-- Dumping data for table `arquivos`
--

LOCK TABLES `arquivos` WRITE;
/*!40000 ALTER TABLE `arquivos` DISABLE KEYS */;
INSERT INTO `arquivos` VALUES (1,'morpo.jpg','79983','/home2/secur168/public_html/storage/app/private/6xCGfhEs22uO8Bi1MXPi6vqDttIIpl4x0EzHkEtF.jpg','2025-05-11 02:32:01','2025-05-11 05:32:01','2025-05-11 05:32:01'),(4,'morpo.jpg','79983','/home2/secur168/public_html/storage/app/private/wSY4ruuQMexRnufLN9C8NIh4Zs3Ehqlw72o8mfdD.jpg','2025-06-16 21:09:03','2025-06-17 00:09:03','2025-06-17 00:09:03'),(5,'blob','30934','/home2/secur168/public_html/storage/app/private/xBC1SIwvGOap48zRGQIG3aIHYudwOFb0KqNzwWXe.jpg','2025-07-22 02:37:55','2025-07-22 05:37:55','2025-07-22 05:37:55'),(6,'1000091122.jpg','30934','/home2/secur168/public_html/storage/app/private/psu6GmQEfCrdL1bzJ1lI4vQO7R29KxEd58ySqo2U.jpg','2025-07-22 03:06:19','2025-07-22 06:06:19','2025-07-22 06:06:19'),(7,'thumbnail_image007.jpg','53940','/home2/secur168/public_html/storage/app/private/EcPCVhymr5KRjW4AxODtx14INN4B8n4manODRnWF.jpg','2025-07-31 18:50:55','2025-07-31 21:50:55','2025-07-31 21:50:55');
/*!40000 ALTER TABLE `arquivos` ENABLE KEYS */;
UNLOCK TABLES;

--
-- Table structure for table `auditorias`
--

DROP TABLE IF EXISTS `auditorias`;
/*!40101 SET @saved_cs_client     = @@character_set_client */;
/*!50503 SET character_set_client = utf8mb4 */;
CREATE TABLE `auditorias` (
  `id` bigint(20) unsigned NOT NULL AUTO_INCREMENT,
  `nome_acao` varchar(255) COLLATE utf8mb4_unicode_ci NOT NULL,
  `ip` varchar(20) COLLATE utf8mb4_unicode_ci NOT NULL,
  `detalhes` text COLLATE utf8mb4_unicode_ci,
  `data_cadastro` datetime NOT NULL DEFAULT '2025-03-09 15:11:23',
  `usuario_id` bigint(20) unsigned NOT NULL,
  `created_at` timestamp NULL DEFAULT NULL,
  `updated_at` timestamp NULL DEFAULT NULL,
  PRIMARY KEY (`id`),
  KEY `auditorias_usuario_id_foreign` (`usuario_id`),
  CONSTRAINT `auditorias_usuario_id_foreign` FOREIGN KEY (`usuario_id`) REFERENCES `users` (`id`)
) ENGINE=InnoDB AUTO_INCREMENT=452 DEFAULT CHARSET=utf8mb4 COLLATE=utf8mb4_unicode_ci;
/*!40101 SET character_set_client = @saved_cs_client */;

--
-- Dumping data for table `auditorias`
--

LOCK TABLES `auditorias` WRITE;
/*!40000 ALTER TABLE `auditorias` DISABLE KEYS */;
INSERT INTO `auditorias` VALUES (1,'Login','177.192.10.94',NULL,'2025-03-09 15:11:23',1,'2025-03-11 07:49:00','2025-03-11 07:49:00'),(2,'Redefinição de Senha','177.192.10.94',NULL,'2025-03-09 15:11:23',1,'2025-03-11 07:51:25','2025-03-11 07:51:25'),(3,'Login','177.192.10.94',NULL,'2025-03-09 15:11:23',1,'2025-03-11 07:51:41','2025-03-11 07:51:41'),(4,'Login','177.192.10.94',NULL,'2025-03-09 15:11:23',1,'2025-03-11 07:52:59','2025-03-11 07:52:59'),(5,'Login','177.192.10.94',NULL,'2025-03-09 15:11:23',1,'2025-03-11 14:14:44','2025-03-11 14:14:44'),(6,'Login','191.57.9.139',NULL,'2025-03-09 15:11:23',2,'2025-03-12 01:06:06','2025-03-12 01:06:06'),(7,'Login','191.57.9.139',NULL,'2025-03-09 15:11:23',2,'2025-03-12 02:33:28','2025-03-12 02:33:28'),(8,'Login','177.192.10.94',NULL,'2025-03-09 15:11:23',1,'2025-03-14 09:01:50','2025-03-14 09:01:50'),(9,'Login','177.192.10.94',NULL,'2025-03-09 15:11:23',1,'2025-03-16 06:15:21','2025-03-16 06:15:21'),(10,'Login','191.57.4.147',NULL,'2025-03-09 15:11:23',2,'2025-03-17 23:58:47','2025-03-17 23:58:47'),(11,'Cadastro de Tipo de empreendimento','191.57.4.147',NULL,'2025-03-09 15:11:23',2,'2025-03-17 23:59:30','2025-03-17 23:59:30'),(12,'Edição de Tipo de empreendimento','191.57.4.147',NULL,'2025-03-09 15:11:23',2,'2025-03-18 00:00:01','2025-03-18 00:00:01'),(13,'Login','177.192.10.94',NULL,'2025-03-09 15:11:23',1,'2025-03-22 18:32:09','2025-03-22 18:32:09'),(14,'Login','177.192.10.94',NULL,'2025-03-09 15:11:23',1,'2025-03-23 07:27:51','2025-03-23 07:27:51'),(15,'Edição de Tipo de empreendimento','177.192.10.94',NULL,'2025-03-09 15:11:23',1,'2025-03-23 07:28:32','2025-03-23 07:28:32'),(16,'Login','177.192.10.94',NULL,'2025-03-09 15:11:23',1,'2025-03-24 06:42:55','2025-03-24 06:42:55'),(17,'Login','189.92.203.100',NULL,'2025-03-09 15:11:23',2,'2025-03-24 16:54:08','2025-03-24 16:54:08'),(18,'Login','189.40.82.5',NULL,'2025-03-09 15:11:23',1,'2025-03-24 23:12:17','2025-03-24 23:12:17'),(19,'Login','189.92.221.37',NULL,'2025-03-09 15:11:23',2,'2025-03-25 00:26:20','2025-03-25 00:26:20'),(20,'Cadastro de Temática','189.92.221.37',NULL,'2025-03-09 15:11:23',2,'2025-03-25 00:35:47','2025-03-25 00:35:47'),(21,'Cadastro de Temática','189.92.221.37',NULL,'2025-03-09 15:11:23',2,'2025-03-25 00:35:55','2025-03-25 00:35:55'),(22,'Cadastro de Área','189.92.221.37',NULL,'2025-03-09 15:11:23',2,'2025-03-25 00:36:03','2025-03-25 00:36:03'),(23,'Cadastro de Área','189.92.221.37',NULL,'2025-03-09 15:11:23',2,'2025-03-25 00:36:10','2025-03-25 00:36:10'),(24,'Cadastro de Tópico','189.92.221.37',NULL,'2025-03-09 15:11:23',2,'2025-03-25 00:36:21','2025-03-25 00:36:21'),(25,'Cadastro de Tópico','189.92.221.37',NULL,'2025-03-09 15:11:23',2,'2025-03-25 00:36:28','2025-03-25 00:36:28'),(26,'Cadastro de Tipo de empreendimento','189.92.221.37',NULL,'2025-03-09 15:11:23',2,'2025-03-25 00:37:07','2025-03-25 00:37:07'),(27,'Cadastro de Tag','189.92.221.37',NULL,'2025-03-09 15:11:23',2,'2025-03-25 00:38:03','2025-03-25 00:38:03'),(28,'Cadastro de Tag','189.92.221.37',NULL,'2025-03-09 15:11:23',2,'2025-03-25 00:38:12','2025-03-25 00:38:12'),(29,'Cadastro de Pergunta','189.92.221.37',NULL,'2025-03-09 15:11:23',2,'2025-03-25 00:41:10','2025-03-25 00:41:10'),(30,'Edição de Pergunta','189.92.221.37',NULL,'2025-03-09 15:11:23',2,'2025-03-25 00:42:36','2025-03-25 00:42:36'),(31,'Edição de Tipo de empreendimento','189.92.221.37',NULL,'2025-03-09 15:11:23',2,'2025-03-25 01:37:32','2025-03-25 01:37:32'),(32,'Edição de Tipo de empreendimento','189.92.221.37',NULL,'2025-03-09 15:11:23',2,'2025-03-25 01:38:13','2025-03-25 01:38:13'),(33,'Cadastro de Tipo de empreendimento','189.92.221.37',NULL,'2025-03-09 15:11:23',2,'2025-03-25 01:38:28','2025-03-25 01:38:28'),(34,'Cadastro de Tipo de empreendimento','189.92.221.37',NULL,'2025-03-09 15:11:23',2,'2025-03-25 01:38:35','2025-03-25 01:38:35'),(35,'Cadastro de Tipo de empreendimento','189.92.221.37',NULL,'2025-03-09 15:11:23',2,'2025-03-25 01:38:47','2025-03-25 01:38:47'),(36,'Cadastro de Tipo de empreendimento','189.92.221.37',NULL,'2025-03-09 15:11:23',2,'2025-03-25 01:38:56','2025-03-25 01:38:56'),(37,'Cadastro de Tipo de empreendimento','189.92.221.37',NULL,'2025-03-09 15:11:23',2,'2025-03-25 01:39:07','2025-03-25 01:39:07'),(38,'Cadastro de Tipo de empreendimento','189.92.221.37',NULL,'2025-03-09 15:11:23',2,'2025-03-25 01:39:17','2025-03-25 01:39:17'),(39,'Cadastro de Tipo de empreendimento','189.92.221.37',NULL,'2025-03-09 15:11:23',2,'2025-03-25 01:39:27','2025-03-25 01:39:27'),(40,'Cadastro de Tipo de empreendimento','189.92.221.37',NULL,'2025-03-09 15:11:23',2,'2025-03-25 01:39:35','2025-03-25 01:39:35'),(41,'Cadastro de Temática','189.92.221.37',NULL,'2025-03-09 15:11:23',2,'2025-03-25 01:39:56','2025-03-25 01:39:56'),(42,'Cadastro de Temática','189.92.221.37',NULL,'2025-03-09 15:11:23',2,'2025-03-25 01:40:04','2025-03-25 01:40:04'),(43,'Cadastro de Área','189.92.221.37',NULL,'2025-03-09 15:11:23',2,'2025-03-25 01:40:18','2025-03-25 01:40:18'),(44,'Cadastro de Área','189.92.221.37',NULL,'2025-03-09 15:11:23',2,'2025-03-25 01:40:35','2025-03-25 01:40:35'),(45,'Cadastro de Área','189.92.221.37',NULL,'2025-03-09 15:11:23',2,'2025-03-25 01:40:44','2025-03-25 01:40:44'),(46,'Cadastro de Área','189.92.221.37',NULL,'2025-03-09 15:11:23',2,'2025-03-25 01:40:51','2025-03-25 01:40:51'),(47,'Cadastro de Área','189.92.221.37',NULL,'2025-03-09 15:11:23',2,'2025-03-25 01:40:59','2025-03-25 01:40:59'),(48,'Cadastro de Área','189.92.221.37',NULL,'2025-03-09 15:11:23',2,'2025-03-25 01:41:08','2025-03-25 01:41:08'),(49,'Cadastro de Área','189.92.221.37',NULL,'2025-03-09 15:11:23',2,'2025-03-25 01:41:23','2025-03-25 01:41:23'),(50,'Cadastro de Área','189.92.221.37',NULL,'2025-03-09 15:11:23',2,'2025-03-25 01:41:42','2025-03-25 01:41:42'),(51,'Cadastro de Área','189.92.221.37',NULL,'2025-03-09 15:11:23',2,'2025-03-25 01:41:58','2025-03-25 01:41:58'),(52,'Cadastro de Área','189.92.221.37',NULL,'2025-03-09 15:11:23',2,'2025-03-25 01:42:09','2025-03-25 01:42:09'),(53,'Cadastro de Área','189.92.221.37',NULL,'2025-03-09 15:11:23',2,'2025-03-25 01:42:19','2025-03-25 01:42:19'),(54,'Cadastro de Área','189.92.221.37',NULL,'2025-03-09 15:11:23',2,'2025-03-25 01:42:26','2025-03-25 01:42:26'),(55,'Cadastro de Área','189.92.221.37',NULL,'2025-03-09 15:11:23',2,'2025-03-25 01:42:33','2025-03-25 01:42:33'),(56,'Cadastro de Área','189.92.221.37',NULL,'2025-03-09 15:11:23',2,'2025-03-25 01:42:43','2025-03-25 01:42:43'),(57,'Cadastro de Área','189.92.221.37',NULL,'2025-03-09 15:11:23',2,'2025-03-25 01:42:53','2025-03-25 01:42:53'),(58,'Cadastro de Área','189.92.221.37',NULL,'2025-03-09 15:11:23',2,'2025-03-25 01:43:01','2025-03-25 01:43:01'),(59,'Cadastro de Área','189.92.221.37',NULL,'2025-03-09 15:11:23',2,'2025-03-25 01:43:09','2025-03-25 01:43:09'),(60,'Cadastro de Área','189.92.221.37',NULL,'2025-03-09 15:11:23',2,'2025-03-25 01:43:17','2025-03-25 01:43:17'),(61,'Cadastro de Área','189.92.221.37',NULL,'2025-03-09 15:11:23',2,'2025-03-25 01:43:25','2025-03-25 01:43:25'),(62,'Cadastro de Área','189.92.221.37',NULL,'2025-03-09 15:11:23',2,'2025-03-25 01:43:36','2025-03-25 01:43:36'),(63,'Cadastro de Área','189.92.221.37',NULL,'2025-03-09 15:11:23',2,'2025-03-25 01:43:43','2025-03-25 01:43:43'),(64,'Cadastro de Área','189.92.221.37',NULL,'2025-03-09 15:11:23',2,'2025-03-25 01:43:51','2025-03-25 01:43:51'),(65,'Cadastro de Tópico','189.92.221.37',NULL,'2025-03-09 15:11:23',2,'2025-03-25 01:44:23','2025-03-25 01:44:23'),(66,'Cadastro de Tópico','189.92.221.37',NULL,'2025-03-09 15:11:23',2,'2025-03-25 01:44:30','2025-03-25 01:44:30'),(67,'Cadastro de Tópico','189.92.221.37',NULL,'2025-03-09 15:11:23',2,'2025-03-25 01:44:39','2025-03-25 01:44:39'),(68,'Cadastro de Tópico','189.92.221.37',NULL,'2025-03-09 15:11:23',2,'2025-03-25 01:44:47','2025-03-25 01:44:47'),(69,'Cadastro de Tópico','189.92.221.37',NULL,'2025-03-09 15:11:23',2,'2025-03-25 01:44:52','2025-03-25 01:44:52'),(70,'Cadastro de Tópico','189.92.221.37',NULL,'2025-03-09 15:11:23',2,'2025-03-25 01:44:57','2025-03-25 01:44:57'),(71,'Cadastro de Tópico','189.92.221.37',NULL,'2025-03-09 15:11:23',2,'2025-03-25 01:45:03','2025-03-25 01:45:03'),(72,'Cadastro de Tópico','189.92.221.37',NULL,'2025-03-09 15:11:23',2,'2025-03-25 01:45:11','2025-03-25 01:45:11'),(73,'Cadastro de Tópico','189.92.221.37',NULL,'2025-03-09 15:11:23',2,'2025-03-25 01:45:18','2025-03-25 01:45:18'),(74,'Cadastro de Tópico','189.92.221.37',NULL,'2025-03-09 15:11:23',2,'2025-03-25 01:45:26','2025-03-25 01:45:26'),(75,'Cadastro de Tópico','189.92.221.37',NULL,'2025-03-09 15:11:23',2,'2025-03-25 01:45:32','2025-03-25 01:45:32'),(76,'Cadastro de Tópico','189.92.221.37',NULL,'2025-03-09 15:11:23',2,'2025-03-25 01:45:38','2025-03-25 01:45:38'),(77,'Cadastro de Tópico','189.92.221.37',NULL,'2025-03-09 15:11:23',2,'2025-03-25 01:45:45','2025-03-25 01:45:45'),(78,'Cadastro de Tópico','189.92.221.37',NULL,'2025-03-09 15:11:23',2,'2025-03-25 01:45:50','2025-03-25 01:45:50'),(79,'Cadastro de Tópico','189.92.221.37',NULL,'2025-03-09 15:11:23',2,'2025-03-25 01:45:56','2025-03-25 01:45:56'),(80,'Cadastro de Tópico','189.92.221.37',NULL,'2025-03-09 15:11:23',2,'2025-03-25 01:46:07','2025-03-25 01:46:07'),(81,'Cadastro de Tópico','189.92.221.37',NULL,'2025-03-09 15:11:23',2,'2025-03-25 01:46:18','2025-03-25 01:46:18'),(82,'Cadastro de Tópico','189.92.221.37',NULL,'2025-03-09 15:11:23',2,'2025-03-25 01:46:24','2025-03-25 01:46:24'),(83,'Cadastro de Tópico','189.92.221.37',NULL,'2025-03-09 15:11:23',2,'2025-03-25 01:46:31','2025-03-25 01:46:31'),(84,'Cadastro de Tópico','189.92.221.37',NULL,'2025-03-09 15:11:23',2,'2025-03-25 01:46:37','2025-03-25 01:46:37'),(85,'Cadastro de Tópico','189.92.221.37',NULL,'2025-03-09 15:11:23',2,'2025-03-25 01:47:00','2025-03-25 01:47:00'),(86,'Cadastro de Tópico','189.92.221.37',NULL,'2025-03-09 15:11:23',2,'2025-03-25 01:47:12','2025-03-25 01:47:12'),(87,'Cadastro de Tópico','189.92.221.37',NULL,'2025-03-09 15:11:23',2,'2025-03-25 01:47:19','2025-03-25 01:47:19'),(88,'Cadastro de Tópico','189.92.221.37',NULL,'2025-03-09 15:11:23',2,'2025-03-25 01:47:28','2025-03-25 01:47:28'),(89,'Cadastro de Tópico','189.92.221.37',NULL,'2025-03-09 15:11:23',2,'2025-03-25 01:47:34','2025-03-25 01:47:34'),(90,'Cadastro de Tópico','189.92.221.37',NULL,'2025-03-09 15:11:23',2,'2025-03-25 01:47:39','2025-03-25 01:47:39'),(91,'Cadastro de Tópico','189.92.221.37',NULL,'2025-03-09 15:11:23',2,'2025-03-25 01:47:48','2025-03-25 01:47:48'),(92,'Cadastro de Tópico','189.92.221.37',NULL,'2025-03-09 15:11:23',2,'2025-03-25 01:48:00','2025-03-25 01:48:00'),(93,'Cadastro de Tópico','189.92.221.37',NULL,'2025-03-09 15:11:23',2,'2025-03-25 01:48:07','2025-03-25 01:48:07'),(94,'Cadastro de Tópico','189.92.221.37',NULL,'2025-03-09 15:11:23',2,'2025-03-25 01:48:14','2025-03-25 01:48:14'),(95,'Cadastro de Tópico','189.92.221.37',NULL,'2025-03-09 15:11:23',2,'2025-03-25 01:48:28','2025-03-25 01:48:28'),(96,'Edição de Tópico','189.92.221.37',NULL,'2025-03-09 15:11:23',2,'2025-03-25 01:48:58','2025-03-25 01:48:58'),(97,'Cadastro de Tópico','189.92.221.37',NULL,'2025-03-09 15:11:23',2,'2025-03-25 01:49:11','2025-03-25 01:49:11'),(98,'Cadastro de Tópico','189.92.221.37',NULL,'2025-03-09 15:11:23',2,'2025-03-25 01:49:17','2025-03-25 01:49:17'),(99,'Cadastro de Tópico','189.92.221.37',NULL,'2025-03-09 15:11:23',2,'2025-03-25 01:49:26','2025-03-25 01:49:26'),(100,'Cadastro de Tópico','189.92.221.37',NULL,'2025-03-09 15:11:23',2,'2025-03-25 01:49:34','2025-03-25 01:49:34'),(101,'Cadastro de Tópico','189.92.221.37',NULL,'2025-03-09 15:11:23',2,'2025-03-25 01:49:40','2025-03-25 01:49:40'),(102,'Cadastro de Tópico','189.92.221.37',NULL,'2025-03-09 15:11:23',2,'2025-03-25 01:49:47','2025-03-25 01:49:47'),(103,'Cadastro de Tópico','189.92.221.37',NULL,'2025-03-09 15:11:23',2,'2025-03-25 01:49:53','2025-03-25 01:49:53'),(104,'Cadastro de Tópico','189.92.221.37',NULL,'2025-03-09 15:11:23',2,'2025-03-25 01:50:00','2025-03-25 01:50:00'),(105,'Cadastro de Tópico','189.92.221.37',NULL,'2025-03-09 15:11:23',2,'2025-03-25 01:50:16','2025-03-25 01:50:16'),(106,'Login','177.192.10.94',NULL,'2025-03-09 15:11:23',1,'2025-03-26 18:26:23','2025-03-26 18:26:23'),(107,'Login','191.57.15.165',NULL,'2025-03-09 15:11:23',2,'2025-03-26 19:37:20','2025-03-26 19:37:20'),(108,'Cadastro de Tag','177.26.86.250',NULL,'2025-03-09 15:11:23',2,'2025-03-26 19:45:42','2025-03-26 19:45:42'),(109,'Edição de Tag','177.26.86.250',NULL,'2025-03-09 15:11:23',2,'2025-03-26 19:50:39','2025-03-26 19:50:39'),(110,'Cadastro de Tag','177.26.86.250',NULL,'2025-03-09 15:11:23',2,'2025-03-26 19:51:14','2025-03-26 19:51:14'),(111,'Cadastro de Tag','177.26.75.149',NULL,'2025-03-09 15:11:23',2,'2025-03-26 19:51:24','2025-03-26 19:51:24'),(112,'Cadastro de Tag','177.26.86.250',NULL,'2025-03-09 15:11:23',2,'2025-03-26 19:51:51','2025-03-26 19:51:51'),(113,'Cadastro de Tag','177.26.86.250',NULL,'2025-03-09 15:11:23',2,'2025-03-26 19:52:21','2025-03-26 19:52:21'),(114,'Cadastro de Tag','177.26.86.250',NULL,'2025-03-09 15:11:23',2,'2025-03-26 19:52:34','2025-03-26 19:52:34'),(115,'Cadastro de Tag','177.26.75.149',NULL,'2025-03-09 15:11:23',2,'2025-03-26 19:52:45','2025-03-26 19:52:45'),(116,'Cadastro de Tag','177.26.86.250',NULL,'2025-03-09 15:11:23',2,'2025-03-26 19:52:58','2025-03-26 19:52:58'),(117,'Cadastro de Tag','177.26.86.250',NULL,'2025-03-09 15:11:23',2,'2025-03-26 19:53:05','2025-03-26 19:53:05'),(118,'Cadastro de Tag','177.26.86.250',NULL,'2025-03-09 15:11:23',2,'2025-03-26 19:54:09','2025-03-26 19:54:09'),(119,'Cadastro de Tag','177.26.86.250',NULL,'2025-03-09 15:11:23',2,'2025-03-26 19:54:23','2025-03-26 19:54:23'),(120,'Cadastro de Tag','177.26.86.250',NULL,'2025-03-09 15:11:23',2,'2025-03-26 19:54:37','2025-03-26 19:54:37'),(121,'Cadastro de Tag','177.26.86.250',NULL,'2025-03-09 15:11:23',2,'2025-03-26 19:54:58','2025-03-26 19:54:58'),(122,'Cadastro de Tag','177.26.86.250',NULL,'2025-03-09 15:11:23',2,'2025-03-26 19:55:02','2025-03-26 19:55:02'),(123,'Cadastro de Tag','177.26.86.250',NULL,'2025-03-09 15:11:23',2,'2025-03-26 19:55:16','2025-03-26 19:55:16'),(124,'Cadastro de Tag','177.26.86.250',NULL,'2025-03-09 15:11:23',2,'2025-03-26 19:55:24','2025-03-26 19:55:24'),(125,'Cadastro de Tag','177.26.86.250',NULL,'2025-03-09 15:11:23',2,'2025-03-26 19:56:05','2025-03-26 19:56:05'),(126,'Cadastro de Tag','177.26.86.250',NULL,'2025-03-09 15:11:23',2,'2025-03-26 19:56:16','2025-03-26 19:56:16'),(127,'Cadastro de Tag','177.26.86.250',NULL,'2025-03-09 15:11:23',2,'2025-03-26 19:56:29','2025-03-26 19:56:29'),(128,'Cadastro de Tag','177.26.86.250',NULL,'2025-03-09 15:11:23',2,'2025-03-26 19:56:50','2025-03-26 19:56:50'),(129,'Cadastro de Tag','177.26.86.250',NULL,'2025-03-09 15:11:23',2,'2025-03-26 19:57:13','2025-03-26 19:57:13'),(130,'Cadastro de Tag','177.26.86.250',NULL,'2025-03-09 15:11:23',2,'2025-03-26 19:57:28','2025-03-26 19:57:28'),(131,'Cadastro de Tag','177.26.86.250',NULL,'2025-03-09 15:11:23',2,'2025-03-26 19:57:33','2025-03-26 19:57:33'),(132,'Cadastro de Tag','177.26.75.149',NULL,'2025-03-09 15:11:23',2,'2025-03-26 19:57:41','2025-03-26 19:57:41'),(133,'Cadastro de Tag','177.26.75.149',NULL,'2025-03-09 15:11:23',2,'2025-03-26 19:57:46','2025-03-26 19:57:46'),(134,'Cadastro de Tag','177.26.86.250',NULL,'2025-03-09 15:11:23',2,'2025-03-26 19:57:55','2025-03-26 19:57:55'),(135,'Cadastro de Tag','177.26.75.149',NULL,'2025-03-09 15:11:23',2,'2025-03-26 19:58:12','2025-03-26 19:58:12'),(136,'Cadastro de Tag','177.26.75.149',NULL,'2025-03-09 15:11:23',2,'2025-03-26 19:58:19','2025-03-26 19:58:19'),(137,'Cadastro de Tag','177.26.86.250',NULL,'2025-03-09 15:11:23',2,'2025-03-26 19:58:29','2025-03-26 19:58:29'),(138,'Cadastro de Tag','177.26.86.250',NULL,'2025-03-09 15:11:23',2,'2025-03-26 19:58:36','2025-03-26 19:58:36'),(139,'Cadastro de Tag','177.26.86.250',NULL,'2025-03-09 15:11:23',2,'2025-03-26 19:58:49','2025-03-26 19:58:49'),(140,'Cadastro de Tag','177.26.86.250',NULL,'2025-03-09 15:11:23',2,'2025-03-26 19:59:20','2025-03-26 19:59:20'),(141,'Cadastro de Tag','177.26.75.149',NULL,'2025-03-09 15:11:23',2,'2025-03-26 19:59:34','2025-03-26 19:59:34'),(142,'Cadastro de Tag','177.26.86.250',NULL,'2025-03-09 15:11:23',2,'2025-03-26 19:59:48','2025-03-26 19:59:48'),(143,'Cadastro de Tag','177.26.86.250',NULL,'2025-03-09 15:11:23',2,'2025-03-26 20:00:04','2025-03-26 20:00:04'),(144,'Cadastro de Tag','177.26.86.250',NULL,'2025-03-09 15:11:23',2,'2025-03-26 20:00:12','2025-03-26 20:00:12'),(145,'Cadastro de Tag','177.26.86.250',NULL,'2025-03-09 15:11:23',2,'2025-03-26 20:00:21','2025-03-26 20:00:21'),(146,'Cadastro de Tag','177.26.86.250',NULL,'2025-03-09 15:11:23',2,'2025-03-26 20:01:57','2025-03-26 20:01:57'),(147,'Cadastro de Tag','177.26.86.250',NULL,'2025-03-09 15:11:23',2,'2025-03-26 20:02:18','2025-03-26 20:02:18'),(148,'Cadastro de Tag','177.26.86.250',NULL,'2025-03-09 15:11:23',2,'2025-03-26 20:02:23','2025-03-26 20:02:23'),(149,'Cadastro de Tag','177.26.86.250',NULL,'2025-03-09 15:11:23',2,'2025-03-26 20:02:40','2025-03-26 20:02:40'),(150,'Cadastro de Tag','177.26.86.250',NULL,'2025-03-09 15:11:23',2,'2025-03-26 20:03:00','2025-03-26 20:03:00'),(151,'Cadastro de Tag','177.26.86.250',NULL,'2025-03-09 15:11:23',2,'2025-03-26 20:03:06','2025-03-26 20:03:06'),(152,'Cadastro de Tag','177.26.86.250',NULL,'2025-03-09 15:11:23',2,'2025-03-26 20:03:16','2025-03-26 20:03:16'),(153,'Cadastro de Tag','177.26.86.250',NULL,'2025-03-09 15:11:23',2,'2025-03-26 20:03:22','2025-03-26 20:03:22'),(154,'Cadastro de Tag','177.26.86.250',NULL,'2025-03-09 15:11:23',2,'2025-03-26 20:03:39','2025-03-26 20:03:39'),(155,'Cadastro de Tag','177.26.86.250',NULL,'2025-03-09 15:11:23',2,'2025-03-26 20:04:01','2025-03-26 20:04:01'),(156,'Cadastro de Tag','177.26.86.250',NULL,'2025-03-09 15:11:23',2,'2025-03-26 20:04:07','2025-03-26 20:04:07'),(157,'Cadastro de Tag','177.26.86.250',NULL,'2025-03-09 15:11:23',2,'2025-03-26 20:04:15','2025-03-26 20:04:15'),(158,'Cadastro de Tag','177.26.75.149',NULL,'2025-03-09 15:11:23',2,'2025-03-26 20:04:48','2025-03-26 20:04:48'),(159,'Cadastro de Tag','177.26.86.250',NULL,'2025-03-09 15:11:23',2,'2025-03-26 20:05:03','2025-03-26 20:05:03'),(160,'Cadastro de Tag','177.26.86.250',NULL,'2025-03-09 15:11:23',2,'2025-03-26 20:05:23','2025-03-26 20:05:23'),(161,'Cadastro de Tag','177.26.75.149',NULL,'2025-03-09 15:11:23',2,'2025-03-26 20:05:51','2025-03-26 20:05:51'),(162,'Cadastro de Tag','177.26.86.250',NULL,'2025-03-09 15:11:23',2,'2025-03-26 20:05:59','2025-03-26 20:05:59'),(163,'Cadastro de Tag','177.26.86.250',NULL,'2025-03-09 15:11:23',2,'2025-03-26 20:06:17','2025-03-26 20:06:17'),(164,'Cadastro de Tag','177.26.86.250',NULL,'2025-03-09 15:11:23',2,'2025-03-26 20:06:26','2025-03-26 20:06:26'),(165,'Cadastro de Tag','177.26.86.250',NULL,'2025-03-09 15:11:23',2,'2025-03-26 20:06:36','2025-03-26 20:06:36'),(166,'Cadastro de Tag','177.26.86.250',NULL,'2025-03-09 15:11:23',2,'2025-03-26 20:06:44','2025-03-26 20:06:44'),(167,'Cadastro de Tag','177.26.86.250',NULL,'2025-03-09 15:11:23',2,'2025-03-26 20:07:11','2025-03-26 20:07:11'),(168,'Cadastro de Tag','177.26.86.250',NULL,'2025-03-09 15:11:23',2,'2025-03-26 20:07:16','2025-03-26 20:07:16'),(169,'Cadastro de Tag','177.26.86.250',NULL,'2025-03-09 15:11:23',2,'2025-03-26 20:07:32','2025-03-26 20:07:32'),(170,'Cadastro de Tag','177.26.86.250',NULL,'2025-03-09 15:11:23',2,'2025-03-26 20:07:53','2025-03-26 20:07:53'),(171,'Cadastro de Tag','177.26.86.250',NULL,'2025-03-09 15:11:23',2,'2025-03-26 20:08:12','2025-03-26 20:08:12'),(172,'Cadastro de Tag','177.26.86.250',NULL,'2025-03-09 15:11:23',2,'2025-03-26 20:08:22','2025-03-26 20:08:22'),(173,'Cadastro de Tag','177.26.86.250',NULL,'2025-03-09 15:11:23',2,'2025-03-26 20:08:31','2025-03-26 20:08:31'),(174,'Cadastro de Tag','177.26.86.250',NULL,'2025-03-09 15:11:23',2,'2025-03-26 20:08:57','2025-03-26 20:08:57'),(175,'Cadastro de Tag','177.26.86.250',NULL,'2025-03-09 15:11:23',2,'2025-03-26 20:09:08','2025-03-26 20:09:08'),(176,'Cadastro de Tag','177.26.86.250',NULL,'2025-03-09 15:11:23',2,'2025-03-26 20:09:36','2025-03-26 20:09:36'),(177,'Cadastro de Tag','177.26.86.250',NULL,'2025-03-09 15:11:23',2,'2025-03-26 20:09:50','2025-03-26 20:09:50'),(178,'Cadastro de Tag','177.26.86.250',NULL,'2025-03-09 15:11:23',2,'2025-03-26 20:10:22','2025-03-26 20:10:22'),(179,'Cadastro de Tag','177.26.75.149',NULL,'2025-03-09 15:11:23',2,'2025-03-26 20:10:52','2025-03-26 20:10:52'),(180,'Cadastro de Tag','177.26.86.250',NULL,'2025-03-09 15:11:23',2,'2025-03-26 20:11:09','2025-03-26 20:11:09'),(181,'Cadastro de Tag','177.26.86.250',NULL,'2025-03-09 15:11:23',2,'2025-03-26 20:11:25','2025-03-26 20:11:25'),(182,'Cadastro de Tag','177.26.86.250',NULL,'2025-03-09 15:11:23',2,'2025-03-26 20:12:02','2025-03-26 20:12:02'),(183,'Cadastro de Tag','177.26.75.149',NULL,'2025-03-09 15:11:23',2,'2025-03-26 20:12:27','2025-03-26 20:12:27'),(184,'Edição de Tag','177.26.74.95',NULL,'2025-03-09 15:11:23',2,'2025-03-26 20:21:08','2025-03-26 20:21:08'),(185,'Edição de Pergunta','177.26.74.95',NULL,'2025-03-09 15:11:23',2,'2025-03-26 20:35:27','2025-03-26 20:35:27'),(186,'Cadastro de Pergunta','177.26.74.95',NULL,'2025-03-09 15:11:23',2,'2025-03-26 20:37:19','2025-03-26 20:37:19'),(187,'Cadastro de Pergunta','177.26.74.95',NULL,'2025-03-09 15:11:23',2,'2025-03-26 20:38:39','2025-03-26 20:38:39'),(188,'Edição de Pergunta','191.57.30.85',NULL,'2025-03-09 15:11:23',2,'2025-03-26 21:37:37','2025-03-26 21:37:37'),(189,'Cadastro de Pergunta','191.57.30.85',NULL,'2025-03-09 15:11:23',2,'2025-03-26 21:55:13','2025-03-26 21:55:13'),(190,'Cadastro de Pergunta','191.57.30.85',NULL,'2025-03-09 15:11:23',2,'2025-03-26 21:56:53','2025-03-26 21:56:53'),(191,'Cadastro de empresa','191.57.30.85',NULL,'2025-03-09 15:11:23',2,'2025-03-26 22:05:17','2025-03-26 22:05:17'),(192,'Cadastro de empresa','191.57.30.85',NULL,'2025-03-09 15:11:23',2,'2025-03-26 22:12:06','2025-03-26 22:12:06'),(193,'Cadastro de empresa','191.57.30.85',NULL,'2025-03-09 15:11:23',2,'2025-03-26 22:12:40','2025-03-26 22:12:40'),(194,'Cadastro de Pergunta','191.57.30.85',NULL,'2025-03-09 15:11:23',2,'2025-03-26 22:14:36','2025-03-26 22:14:36'),(195,'Cadastro de Pergunta','191.57.30.85',NULL,'2025-03-09 15:11:23',2,'2025-03-26 22:15:36','2025-03-26 22:15:36'),(196,'Cadastro de Pergunta','191.57.30.85',NULL,'2025-03-09 15:11:23',2,'2025-03-26 22:17:17','2025-03-26 22:17:17'),(197,'Cadastro de Pergunta','191.57.30.85',NULL,'2025-03-09 15:11:23',2,'2025-03-26 22:17:49','2025-03-26 22:17:49'),(198,'Cadastro de Pergunta','191.57.30.85',NULL,'2025-03-09 15:11:23',2,'2025-03-26 22:19:04','2025-03-26 22:19:04'),(199,'Edição de Pergunta','191.57.30.85',NULL,'2025-03-09 15:11:23',2,'2025-03-26 22:19:33','2025-03-26 22:19:33'),(200,'Cadastro de Pergunta','191.57.30.85',NULL,'2025-03-09 15:11:23',2,'2025-03-26 22:20:32','2025-03-26 22:20:32'),(201,'Edição de Pergunta','191.57.30.85',NULL,'2025-03-09 15:11:23',2,'2025-03-26 22:20:47','2025-03-26 22:20:47'),(202,'Cadastro de Pergunta','191.57.30.85',NULL,'2025-03-09 15:11:23',2,'2025-03-26 22:22:14','2025-03-26 22:22:14'),(203,'Cadastro de Pergunta','191.57.30.85',NULL,'2025-03-09 15:11:23',2,'2025-03-26 22:23:09','2025-03-26 22:23:09'),(204,'Cadastro de Pergunta','191.57.30.85',NULL,'2025-03-09 15:11:23',2,'2025-03-26 22:25:08','2025-03-26 22:25:08'),(205,'Cadastro de Pergunta','191.57.30.85',NULL,'2025-03-09 15:11:23',2,'2025-03-26 22:26:38','2025-03-26 22:26:38'),(206,'Cadastro de Pergunta','191.57.30.85',NULL,'2025-03-09 15:11:23',2,'2025-03-26 22:27:51','2025-03-26 22:27:51'),(207,'Cadastro de Pergunta','191.57.30.85',NULL,'2025-03-09 15:11:23',2,'2025-03-26 22:30:21','2025-03-26 22:30:21'),(208,'Cadastro de Pergunta','191.57.30.85',NULL,'2025-03-09 15:11:23',2,'2025-03-26 22:31:00','2025-03-26 22:31:00'),(209,'Cadastro de Pergunta','191.57.30.85',NULL,'2025-03-09 15:11:23',2,'2025-03-26 22:31:48','2025-03-26 22:31:48'),(210,'Cadastro de Pergunta','191.57.30.85',NULL,'2025-03-09 15:11:23',2,'2025-03-26 22:35:10','2025-03-26 22:35:10'),(211,'Edição de Tag','191.57.30.85',NULL,'2025-03-09 15:11:23',2,'2025-03-26 22:35:24','2025-03-26 22:35:24'),(212,'Edição de Tag','191.57.30.85',NULL,'2025-03-09 15:11:23',2,'2025-03-26 22:36:02','2025-03-26 22:36:02'),(213,'Edição de Pergunta','191.57.30.85',NULL,'2025-03-09 15:11:23',2,'2025-03-26 22:36:29','2025-03-26 22:36:29'),(214,'Cadastro de Pergunta','191.57.30.85',NULL,'2025-03-09 15:11:23',2,'2025-03-26 22:37:26','2025-03-26 22:37:26'),(215,'Cadastro de Pergunta','191.57.30.85',NULL,'2025-03-09 15:11:23',2,'2025-03-26 22:59:21','2025-03-26 22:59:21'),(216,'Cadastro de Pergunta','191.57.30.85',NULL,'2025-03-09 15:11:23',2,'2025-03-26 23:03:05','2025-03-26 23:03:05'),(217,'Cadastro de Pergunta','191.57.30.85',NULL,'2025-03-09 15:11:23',2,'2025-03-26 23:04:24','2025-03-26 23:04:24'),(218,'Cadastro de Pergunta','191.57.30.85',NULL,'2025-03-09 15:11:23',2,'2025-03-26 23:05:20','2025-03-26 23:05:20'),(219,'Cadastro de Pergunta','191.57.30.85',NULL,'2025-03-09 15:11:23',2,'2025-03-26 23:06:09','2025-03-26 23:06:09'),(220,'Cadastro de Pergunta','191.57.30.85',NULL,'2025-03-09 15:11:23',2,'2025-03-26 23:09:01','2025-03-26 23:09:01'),(221,'Cadastro de Pergunta','191.57.30.85',NULL,'2025-03-09 15:11:23',2,'2025-03-26 23:10:22','2025-03-26 23:10:22'),(222,'Cadastro de Pergunta','191.57.30.85',NULL,'2025-03-09 15:11:23',2,'2025-03-26 23:11:25','2025-03-26 23:11:25'),(223,'Cadastro de Pergunta','191.57.30.85',NULL,'2025-03-09 15:11:23',2,'2025-03-26 23:14:38','2025-03-26 23:14:38'),(224,'Cadastro de Pergunta','191.57.30.85',NULL,'2025-03-09 15:11:23',2,'2025-03-26 23:15:41','2025-03-26 23:15:41'),(225,'Cadastro de Pergunta','191.57.30.85',NULL,'2025-03-09 15:11:23',2,'2025-03-26 23:16:51','2025-03-26 23:16:51'),(226,'Cadastro de Pergunta','191.57.30.85',NULL,'2025-03-09 15:11:23',2,'2025-03-26 23:32:30','2025-03-26 23:32:30'),(227,'Cadastro de Pergunta','191.57.30.85',NULL,'2025-03-09 15:11:23',2,'2025-03-26 23:33:21','2025-03-26 23:33:21'),(228,'Cadastro de Pergunta','191.57.30.85',NULL,'2025-03-09 15:11:23',2,'2025-03-26 23:34:24','2025-03-26 23:34:24'),(229,'Cadastro de Pergunta','191.57.30.85',NULL,'2025-03-09 15:11:23',2,'2025-03-26 23:37:04','2025-03-26 23:37:04'),(230,'Cadastro de Pergunta','191.57.30.85',NULL,'2025-03-09 15:11:23',2,'2025-03-26 23:45:52','2025-03-26 23:45:52'),(231,'Login','177.192.10.94',NULL,'2025-03-09 15:11:23',1,'2025-03-27 07:07:18','2025-03-27 07:07:18'),(232,'Login','189.40.67.2',NULL,'2025-03-09 15:11:23',1,'2025-03-28 03:41:16','2025-03-28 03:41:16'),(233,'Login','177.192.10.94',NULL,'2025-03-09 15:11:23',1,'2025-03-29 03:21:47','2025-03-29 03:21:47'),(234,'Login','191.57.25.47',NULL,'2025-03-09 15:11:23',2,'2025-04-01 00:08:07','2025-04-01 00:08:07'),(235,'Cadastro de Usuário','191.57.25.47',NULL,'2025-03-09 15:11:23',2,'2025-04-01 00:12:13','2025-04-01 00:12:13'),(236,'Edição de Usuário','191.57.25.47',NULL,'2025-03-09 15:11:23',2,'2025-04-01 00:13:23','2025-04-01 00:13:23'),(237,'Login','191.57.25.47',NULL,'2025-03-09 15:11:23',4,'2025-04-01 00:13:38','2025-04-01 00:13:38'),(238,'Login','189.40.81.45',NULL,'2025-03-09 15:11:23',1,'2025-04-01 06:47:57','2025-04-01 06:47:57'),(239,'Login','189.40.81.45',NULL,'2025-03-09 15:11:23',4,'2025-04-01 06:48:15','2025-04-01 06:48:15'),(240,'Login','191.57.21.204',NULL,'2025-03-09 15:11:23',2,'2025-04-02 00:59:27','2025-04-02 00:59:27'),(241,'Login','191.57.21.204',NULL,'2025-03-09 15:11:23',4,'2025-04-02 01:00:06','2025-04-02 01:00:06'),(242,'Login','191.57.30.245',NULL,'2025-03-09 15:11:23',4,'2025-04-02 22:58:46','2025-04-02 22:58:46'),(243,'Cadastro de Funcionário','191.57.30.245',NULL,'2025-03-09 15:11:23',4,'2025-04-02 23:02:12','2025-04-02 23:02:12'),(244,'Cadastro de Funcionário','191.57.30.245',NULL,'2025-03-09 15:11:23',4,'2025-04-02 23:02:46','2025-04-02 23:02:46'),(245,'Cadastro de Funcionário','191.57.30.245',NULL,'2025-03-09 15:11:23',4,'2025-04-02 23:03:21','2025-04-02 23:03:21'),(246,'Cadastro de Funcionário','191.57.30.245',NULL,'2025-03-09 15:11:23',4,'2025-04-02 23:03:51','2025-04-02 23:03:51'),(247,'Login','191.57.30.245',NULL,'2025-03-09 15:11:23',2,'2025-04-02 23:07:45','2025-04-02 23:07:45'),(248,'Edição de empresa','191.57.30.245',NULL,'2025-03-09 15:11:23',2,'2025-04-02 23:09:09','2025-04-02 23:09:09'),(249,'Edição de empresa','191.57.30.245',NULL,'2025-03-09 15:11:23',2,'2025-04-02 23:09:17','2025-04-02 23:09:17'),(250,'Cadastro de Usuário','191.57.30.245',NULL,'2025-03-09 15:11:23',2,'2025-04-02 23:10:12','2025-04-02 23:10:12'),(251,'Cadastro de Usuário','191.57.30.245',NULL,'2025-03-09 15:11:23',2,'2025-04-02 23:11:20','2025-04-02 23:11:20'),(252,'Edição de Usuário','191.57.30.245',NULL,'2025-03-09 15:11:23',2,'2025-04-02 23:11:47','2025-04-02 23:11:47'),(253,'Cadastro de Usuário','191.57.30.245',NULL,'2025-03-09 15:11:23',2,'2025-04-02 23:12:38','2025-04-02 23:12:38'),(254,'Edição de empresa','191.57.30.245',NULL,'2025-03-09 15:11:23',2,'2025-04-02 23:12:52','2025-04-02 23:12:52'),(255,'Cadastro de Usuário','191.57.30.245',NULL,'2025-03-09 15:11:23',2,'2025-04-02 23:13:31','2025-04-02 23:13:31'),(256,'Cadastro de Usuário','191.57.30.245',NULL,'2025-03-09 15:11:23',2,'2025-04-02 23:14:02','2025-04-02 23:14:02'),(257,'Cadastro de Usuário','191.57.30.245',NULL,'2025-03-09 15:11:23',2,'2025-04-02 23:15:38','2025-04-02 23:15:38'),(258,'Cadastro de Usuário','191.57.30.245',NULL,'2025-03-09 15:11:23',2,'2025-04-02 23:16:13','2025-04-02 23:16:13'),(259,'Cadastro de Usuário','191.57.30.245',NULL,'2025-03-09 15:11:23',2,'2025-04-02 23:16:48','2025-04-02 23:16:48'),(260,'Edição de Usuário','191.57.30.245',NULL,'2025-03-09 15:11:23',2,'2025-04-02 23:17:43','2025-04-02 23:17:43'),(261,'Login','177.192.10.37',NULL,'2025-03-09 15:11:23',1,'2025-04-03 04:44:25','2025-04-03 04:44:25'),(262,'Login','177.192.10.37',NULL,'2025-03-09 15:11:23',1,'2025-04-03 07:29:20','2025-04-03 07:29:20'),(263,'Login','177.192.10.37',NULL,'2025-03-09 15:11:23',1,'2025-04-10 09:13:12','2025-04-10 09:13:12'),(264,'Login','186.205.23.153',NULL,'2025-03-09 15:11:23',2,'2025-04-12 00:18:06','2025-04-12 00:18:06'),(265,'Cadastro de Projeto','186.205.23.153',NULL,'2025-03-09 15:11:23',2,'2025-04-12 00:35:18','2025-04-12 00:35:18'),(266,'Cadastro de Projeto','186.205.23.153',NULL,'2025-03-09 15:11:23',2,'2025-04-12 00:35:26','2025-04-12 00:35:26'),(267,'Login','177.192.10.37',NULL,'2025-03-09 15:11:23',1,'2025-04-12 00:36:31','2025-04-12 00:36:31'),(268,'Cadastro de Projeto','177.192.10.37',NULL,'2025-03-09 15:11:23',1,'2025-04-12 00:37:05','2025-04-12 00:37:05'),(269,'Login','186.205.23.153',NULL,'2025-03-09 15:11:23',4,'2025-04-12 00:38:04','2025-04-12 00:38:04'),(270,'Cadastro de Projeto','186.205.23.153',NULL,'2025-03-09 15:11:23',4,'2025-04-12 00:39:04','2025-04-12 00:39:04'),(271,'Cadastro de Formulário','186.205.23.153',NULL,'2025-03-09 15:11:23',4,'2025-04-12 00:41:23','2025-04-12 00:41:23'),(272,'Login','177.192.2.37',NULL,'2025-03-09 15:11:23',1,'2025-04-25 07:52:19','2025-04-25 07:52:19'),(273,'Edição de Funcionário','177.192.2.37',NULL,'2025-03-09 15:11:23',1,'2025-04-25 05:40:58','2025-04-25 05:40:58'),(274,'Login','177.192.2.37',NULL,'2025-03-09 15:11:23',5,'2025-04-25 05:41:07','2025-04-25 05:41:07'),(275,'Login','186.205.21.252',NULL,'2025-03-09 15:11:23',1,'2025-04-25 21:14:44','2025-04-25 21:14:44'),(276,'Cadastro de Formulário','186.205.21.252',NULL,'2025-03-09 15:11:23',1,'2025-04-25 21:17:04','2025-04-25 21:17:04'),(277,'Login','179.197.179.220',NULL,'2025-03-09 15:11:23',1,'2025-04-25 21:28:18','2025-04-25 21:28:18'),(278,'Login','186.205.6.37',NULL,'2025-03-09 15:11:23',1,'2025-05-02 03:59:25','2025-05-02 03:59:25'),(279,'Login','186.205.23.153',NULL,'2025-03-09 15:11:23',2,'2025-05-02 20:59:53','2025-05-02 20:59:53'),(280,'Login','191.57.25.14',NULL,'2025-03-09 15:11:23',2,'2025-05-05 21:46:06','2025-05-05 21:46:06'),(281,'Login','191.57.25.14',NULL,'2025-03-09 15:11:23',2,'2025-05-05 21:48:30','2025-05-05 21:48:30'),(282,'Edição de Usuário','191.57.25.14',NULL,'2025-03-09 15:11:23',2,'2025-05-05 21:49:01','2025-05-05 21:49:01'),(283,'Login','191.57.25.14',NULL,'2025-03-09 15:11:23',5,'2025-05-05 21:49:14','2025-05-05 21:49:14'),(284,'Cadastro de Formulário','191.57.25.14',NULL,'2025-03-09 15:11:23',5,'2025-05-05 22:13:18','2025-05-05 22:13:18'),(285,'Login','200.173.124.142',NULL,'2025-03-09 15:11:23',5,'2025-05-05 22:17:06','2025-05-05 22:17:06'),(286,'Login','191.57.25.14',NULL,'2025-03-09 15:11:23',5,'2025-05-05 23:53:59','2025-05-05 23:53:59'),(287,'Login','191.57.25.14',NULL,'2025-03-09 15:11:23',5,'2025-05-06 00:21:50','2025-05-06 00:21:50'),(288,'Login','186.205.6.37',NULL,'2025-03-09 15:11:23',1,'2025-05-09 02:33:30','2025-05-09 02:33:30'),(289,'Login','186.205.6.37',NULL,'2025-03-09 15:11:23',1,'2025-05-09 02:35:00','2025-05-09 02:35:00'),(290,'Login','186.205.6.37',NULL,'2025-03-09 15:11:23',1,'2025-05-11 05:31:24','2025-05-11 05:31:24'),(291,'Login','186.205.6.37',NULL,'2025-03-09 15:11:23',1,'2025-05-11 05:37:39','2025-05-11 05:37:39'),(292,'Login','186.205.6.37',NULL,'2025-03-09 15:11:23',1,'2025-05-11 05:38:17','2025-05-11 05:38:17'),(293,'Login','186.205.6.37',NULL,'2025-03-09 15:11:23',1,'2025-05-11 05:38:40','2025-05-11 05:38:40'),(294,'Login','186.205.6.37',NULL,'2025-03-09 15:11:23',1,'2025-05-11 05:39:05','2025-05-11 05:39:05'),(295,'Login','186.205.6.37',NULL,'2025-03-09 15:11:23',1,'2025-05-11 05:40:18','2025-05-11 05:40:18'),(296,'Login','186.205.6.37',NULL,'2025-03-09 15:11:23',1,'2025-05-11 05:40:47','2025-05-11 05:40:47'),(297,'Login','186.205.6.37',NULL,'2025-03-09 15:11:23',1,'2025-05-11 05:54:04','2025-05-11 05:54:04'),(298,'Login','186.205.6.37',NULL,'2025-03-09 15:11:23',1,'2025-05-11 05:54:45','2025-05-11 05:54:45'),(299,'Login','177.50.63.214',NULL,'2025-03-09 15:11:23',1,'2025-05-11 16:51:09','2025-05-11 16:51:09'),(300,'Login','186.205.23.153',NULL,'2025-03-09 15:11:23',2,'2025-05-12 00:14:44','2025-05-12 00:14:44'),(301,'Edição de Usuário','186.205.23.153',NULL,'2025-03-09 15:11:23',2,'2025-05-12 00:16:10','2025-05-12 00:16:10'),(302,'Login','186.205.23.153',NULL,'2025-03-09 15:11:23',5,'2025-05-12 00:16:36','2025-05-12 00:16:36'),(303,'Login','186.205.23.153',NULL,'2025-03-09 15:11:23',2,'2025-05-12 03:18:09','2025-05-12 03:18:09'),(304,'Login','186.205.6.37',NULL,'2025-03-09 15:11:23',1,'2025-05-12 03:37:15','2025-05-12 03:37:15'),(305,'Login','186.205.6.37',NULL,'2025-03-09 15:11:23',1,'2025-05-12 03:37:58','2025-05-12 03:37:58'),(306,'Login','191.57.17.155',NULL,'2025-03-09 15:11:23',2,'2025-05-12 13:35:51','2025-05-12 13:35:51'),(307,'Login','191.57.17.155',NULL,'2025-03-09 15:11:23',5,'2025-05-12 13:36:13','2025-05-12 13:36:13'),(308,'Login','191.57.28.57',NULL,'2025-03-09 15:11:23',2,'2025-05-12 16:17:23','2025-05-12 16:17:23'),(309,'Login','191.57.28.57',NULL,'2025-03-09 15:11:23',5,'2025-05-12 16:17:47','2025-05-12 16:17:47'),(310,'Login','177.26.80.81',NULL,'2025-03-09 15:11:23',2,'2025-05-12 21:50:13','2025-05-12 21:50:13'),(311,'Login','177.26.80.81',NULL,'2025-03-09 15:11:23',2,'2025-05-12 21:53:48','2025-05-12 21:53:48'),(312,'Edição de Usuário','177.26.80.81',NULL,'2025-03-09 15:11:23',2,'2025-05-12 21:54:21','2025-05-12 21:54:21'),(313,'Login','177.26.80.81',NULL,'2025-03-09 15:11:23',16,'2025-05-12 21:55:25','2025-05-12 21:55:25'),(314,'Login','177.26.79.244',NULL,'2025-03-09 15:11:23',2,'2025-05-12 23:24:30','2025-05-12 23:24:30'),(315,'Login','177.26.79.244',NULL,'2025-03-09 15:11:23',2,'2025-05-13 01:37:58','2025-05-13 01:37:58'),(316,'Login','177.26.79.244',NULL,'2025-03-09 15:11:23',5,'2025-05-13 01:48:56','2025-05-13 01:48:56'),(317,'Login','177.26.79.244',NULL,'2025-03-09 15:11:23',2,'2025-05-13 01:58:31','2025-05-13 01:58:31'),(318,'Edição de Usuário','177.26.79.244',NULL,'2025-03-09 15:11:23',2,'2025-05-13 01:59:00','2025-05-13 01:59:00'),(319,'Edição de Usuário','177.26.79.244',NULL,'2025-03-09 15:11:23',2,'2025-05-13 01:59:25','2025-05-13 01:59:25'),(320,'Login','177.26.76.35',NULL,'2025-03-09 15:11:23',10,'2025-05-13 01:59:41','2025-05-13 01:59:41'),(321,'Login','179.242.41.70',NULL,'2025-03-09 15:11:23',2,'2025-05-13 10:41:56','2025-05-13 10:41:56'),(322,'Login','177.26.66.59',NULL,'2025-03-09 15:11:23',2,'2025-05-15 01:27:35','2025-05-15 01:27:35'),(323,'Login','186.205.23.153',NULL,'2025-03-09 15:11:23',2,'2025-05-16 14:07:57','2025-05-16 14:07:57'),(324,'Login','186.205.6.37',NULL,'2025-03-09 15:11:23',1,'2025-05-16 23:33:00','2025-05-16 23:33:00'),(325,'Login','186.205.6.37',NULL,'2025-03-09 15:11:23',1,'2025-05-21 21:54:57','2025-05-21 21:54:57'),(326,'Login','186.205.23.153',NULL,'2025-03-09 15:11:23',2,'2025-05-23 22:22:24','2025-05-23 22:22:24'),(327,'Login','186.205.23.153',NULL,'2025-03-09 15:11:23',2,'2025-06-03 20:18:58','2025-06-03 20:18:58'),(328,'Login','177.192.2.37',NULL,'2025-03-09 15:11:23',1,'2025-06-09 05:42:02','2025-06-09 05:42:02'),(329,'Login','179.241.227.37',NULL,'2025-03-09 15:11:23',2,'2025-06-09 22:29:32','2025-06-09 22:29:32'),(330,'Login','177.192.2.37',NULL,'2025-03-09 15:11:23',1,'2025-06-09 22:34:42','2025-06-09 22:34:42'),(331,'Login','186.205.6.37',NULL,'2025-03-09 15:11:23',1,'2025-06-12 06:32:30','2025-06-12 06:32:30'),(332,'Login','191.57.2.208',NULL,'2025-03-09 15:11:23',2,'2025-06-13 10:31:41','2025-06-13 10:31:41'),(333,'Login','186.205.6.37',NULL,'2025-03-09 15:11:23',1,'2025-06-16 06:13:28','2025-06-16 06:13:28'),(334,'Cadastro de Formulário','186.205.6.37',NULL,'2025-03-09 15:11:23',1,'2025-06-16 06:13:48','2025-06-16 06:13:48'),(335,'Login','186.205.6.37',NULL,'2025-03-09 15:11:23',1,'2025-06-16 14:42:04','2025-06-16 14:42:04'),(336,'Login','186.205.6.37',NULL,'2025-03-09 15:11:23',1,'2025-06-17 00:03:41','2025-06-17 00:03:41'),(337,'Cadastro de Formulário','186.205.6.37',NULL,'2025-03-09 15:11:23',1,'2025-06-17 00:04:12','2025-06-17 00:04:12'),(338,'Login','186.205.6.37',NULL,'2025-03-09 15:11:23',1,'2025-06-23 05:13:20','2025-06-23 05:13:20'),(339,'Cadastro de Cliente','186.205.6.37',NULL,'2025-03-09 15:11:23',1,'2025-06-23 06:06:00','2025-06-23 06:06:00'),(340,'Cadastro de Projeto','186.205.6.37',NULL,'2025-03-09 15:11:23',1,'2025-06-23 06:06:33','2025-06-23 06:06:33'),(341,'Login','189.92.196.102',NULL,'2025-03-09 15:11:23',2,'2025-06-23 21:05:53','2025-06-23 21:05:53'),(342,'Cadastro de Cliente','189.92.196.102',NULL,'2025-03-09 15:11:23',2,'2025-06-23 21:06:31','2025-06-23 21:06:31'),(343,'Cadastro de Cliente','189.92.196.102',NULL,'2025-03-09 15:11:23',2,'2025-06-23 21:06:50','2025-06-23 21:06:50'),(344,'Cadastro de Projeto','189.92.196.102',NULL,'2025-03-09 15:11:23',2,'2025-06-23 21:08:20','2025-06-23 21:08:20'),(345,'Cadastro de Formulário','189.92.196.102',NULL,'2025-03-09 15:11:23',2,'2025-06-23 21:10:18','2025-06-23 21:10:18'),(346,'Login','186.205.23.153',NULL,'2025-03-09 15:11:23',2,'2025-06-28 14:50:27','2025-06-28 14:50:27'),(347,'Login','186.205.23.153',NULL,'2025-03-09 15:11:23',2,'2025-06-29 11:53:44','2025-06-29 11:53:44'),(348,'Edição de Temática','186.205.23.153',NULL,'2025-03-09 15:11:23',2,'2025-06-29 12:13:24','2025-06-29 12:13:24'),(349,'Edição de Temática','186.205.23.153',NULL,'2025-03-09 15:11:23',2,'2025-06-29 12:13:31','2025-06-29 12:13:31'),(350,'Edição de Temática','186.205.23.153',NULL,'2025-03-09 15:11:23',2,'2025-06-29 12:13:49','2025-06-29 12:13:49'),(351,'Cadastro de Temática','186.205.23.153',NULL,'2025-03-09 15:11:23',2,'2025-06-29 12:14:06','2025-06-29 12:14:06'),(352,'Login','186.205.21.252',NULL,'2025-03-09 15:11:23',1,'2025-06-30 21:05:44','2025-06-30 21:05:44'),(353,'Login','186.205.6.37',NULL,'2025-03-09 15:11:23',1,'2025-07-01 06:14:24','2025-07-01 06:14:24'),(354,'Login','186.205.23.153',NULL,'2025-03-09 15:11:23',2,'2025-07-01 15:22:53','2025-07-01 15:22:53'),(355,'Login','186.205.23.153',NULL,'2025-03-09 15:11:23',2,'2025-07-02 00:16:19','2025-07-02 00:16:19'),(356,'Login','186.205.23.153',NULL,'2025-03-09 15:11:23',2,'2025-07-02 00:20:42','2025-07-02 00:20:42'),(357,'Login','186.205.23.153',NULL,'2025-03-09 15:11:23',2,'2025-07-02 00:37:27','2025-07-02 00:37:27'),(358,'Login','186.205.6.37',NULL,'2025-03-09 15:11:23',1,'2025-07-02 00:58:11','2025-07-02 00:58:11'),(359,'Login','186.205.6.37',NULL,'2025-03-09 15:11:23',1,'2025-07-02 01:02:16','2025-07-02 01:02:16'),(360,'Login','186.205.23.153',NULL,'2025-03-09 15:11:23',2,'2025-07-02 01:08:02','2025-07-02 01:08:02'),(361,'Login','186.205.23.153',NULL,'2025-03-09 15:11:23',2,'2025-07-03 12:16:56','2025-07-03 12:16:56'),(362,'Cadastro de Tipo de empreendimento','186.205.23.153',NULL,'2025-03-09 15:11:23',2,'2025-07-03 12:21:38','2025-07-03 12:21:38'),(363,'Login','186.205.23.153',NULL,'2025-03-09 15:11:23',2,'2025-07-03 12:36:37','2025-07-03 12:36:37'),(364,'Login','186.205.23.153',NULL,'2025-03-09 15:11:23',2,'2025-07-06 02:21:54','2025-07-06 02:21:54'),(365,'Login','186.205.6.37',NULL,'2025-03-09 15:11:23',1,'2025-07-08 00:15:13','2025-07-08 00:15:13'),(366,'Login','186.205.6.37',NULL,'2025-03-09 15:11:23',1,'2025-07-08 04:19:27','2025-07-08 04:19:27'),(367,'Login','186.205.23.153',NULL,'2025-03-09 15:11:23',2,'2025-07-08 21:07:19','2025-07-08 21:07:19'),(368,'Cadastro de Projeto','186.205.23.153',NULL,'2025-03-09 15:11:23',2,'2025-07-08 21:08:37','2025-07-08 21:08:37'),(369,'Cadastro de Cliente','186.205.23.153',NULL,'2025-03-09 15:11:23',2,'2025-07-08 21:09:37','2025-07-08 21:09:37'),(370,'Cadastro de Projeto','186.205.23.153',NULL,'2025-03-09 15:11:23',2,'2025-07-08 21:10:10','2025-07-08 21:10:10'),(371,'Cadastro de Formulário','186.205.23.153',NULL,'2025-03-09 15:11:23',2,'2025-07-08 21:10:47','2025-07-08 21:10:47'),(372,'Cadastro de Formulário','186.205.23.153',NULL,'2025-03-09 15:11:23',2,'2025-07-08 21:10:58','2025-07-08 21:10:58'),(373,'Login','186.205.23.153',NULL,'2025-03-09 15:11:23',2,'2025-07-08 22:26:52','2025-07-08 22:26:52'),(374,'Login','186.205.23.153',NULL,'2025-03-09 15:11:23',2,'2025-07-10 15:32:19','2025-07-10 15:32:19'),(375,'Login','186.205.23.153',NULL,'2025-03-09 15:11:23',2,'2025-07-10 15:41:59','2025-07-10 15:41:59'),(376,'Cadastro de Cliente','186.205.23.153',NULL,'2025-03-09 15:11:23',2,'2025-07-10 15:42:46','2025-07-10 15:42:46'),(377,'Cadastro de Projeto','186.205.23.153',NULL,'2025-03-09 15:11:23',2,'2025-07-10 15:45:28','2025-07-10 15:45:28'),(378,'Cadastro de Formulário','186.205.23.153',NULL,'2025-03-09 15:11:23',2,'2025-07-10 15:45:48','2025-07-10 15:45:48'),(379,'Login','186.205.23.153',NULL,'2025-03-09 15:11:23',2,'2025-07-10 15:49:58','2025-07-10 15:49:58'),(380,'Login','186.205.23.153',NULL,'2025-03-09 15:11:23',2,'2025-07-12 11:32:42','2025-07-12 11:32:42'),(381,'Edição de Funcionário','186.205.23.153',NULL,'2025-03-09 15:11:23',2,'2025-07-12 12:28:52','2025-07-12 12:28:52'),(382,'Login','186.205.23.153',NULL,'2025-03-09 15:11:23',2,'2025-07-12 12:41:05','2025-07-12 12:41:05'),(383,'Login','186.205.6.37',NULL,'2025-03-09 15:11:23',1,'2025-07-20 20:26:49','2025-07-20 20:26:49'),(384,'Login','186.205.23.153',NULL,'2025-03-09 15:11:23',2,'2025-07-20 22:49:25','2025-07-20 22:49:25'),(385,'Login','186.205.6.37',NULL,'2025-03-09 15:11:23',1,'2025-07-20 23:41:39','2025-07-20 23:41:39'),(386,'Login','186.205.6.37',NULL,'2025-03-09 15:11:23',1,'2025-07-21 02:55:16','2025-07-21 02:55:16'),(387,'Login','186.205.6.37',NULL,'2025-03-09 15:11:23',1,'2025-07-21 02:57:28','2025-07-21 02:57:28'),(388,'Login','191.57.31.94',NULL,'2025-03-09 15:11:23',2,'2025-07-21 21:09:04','2025-07-21 21:09:04'),(389,'Login','191.57.31.94',NULL,'2025-03-09 15:11:23',2,'2025-07-22 01:19:36','2025-07-22 01:19:36'),(390,'Login','191.57.31.94',NULL,'2025-03-09 15:11:23',2,'2025-07-22 02:13:03','2025-07-22 02:13:03'),(391,'Login','186.205.6.37',NULL,'2025-03-09 15:11:23',1,'2025-07-22 02:16:12','2025-07-22 02:16:12'),(392,'Login','186.205.6.37',NULL,'2025-03-09 15:11:23',1,'2025-07-22 05:37:01','2025-07-22 05:37:01'),(393,'Login','186.205.6.37',NULL,'2025-03-09 15:11:23',1,'2025-07-22 05:49:17','2025-07-22 05:49:17'),(394,'Login','189.92.237.46',NULL,'2025-03-09 15:11:23',2,'2025-07-22 10:18:54','2025-07-22 10:18:54'),(395,'Login','189.92.237.46',NULL,'2025-03-09 15:11:23',2,'2025-07-22 11:25:27','2025-07-22 11:25:27'),(396,'Login','189.94.98.67',NULL,'2025-03-09 15:11:23',2,'2025-07-22 18:12:56','2025-07-22 18:12:56'),(397,'Login','177.50.57.210',NULL,'2025-03-09 15:11:23',1,'2025-07-22 20:29:59','2025-07-22 20:29:59'),(398,'Login','177.26.80.136',NULL,'2025-03-09 15:11:23',2,'2025-07-22 21:40:48','2025-07-22 21:40:48'),(399,'Login','177.26.70.50',NULL,'2025-03-09 15:11:23',2,'2025-07-22 23:41:25','2025-07-22 23:41:25'),(400,'Login','189.94.37.78',NULL,'2025-03-09 15:11:23',2,'2025-07-23 11:19:35','2025-07-23 11:19:35'),(401,'Login','177.192.228.187',NULL,'2025-03-09 15:11:23',3,'2025-07-24 01:02:46','2025-07-24 01:02:46'),(402,'Cadastro de Formulário','177.192.228.187',NULL,'2025-03-09 15:11:23',3,'2025-07-24 01:03:54','2025-07-24 01:03:54'),(403,'Login','104.28.63.170',NULL,'2025-03-09 15:11:23',3,'2025-07-24 01:05:00','2025-07-24 01:05:00'),(404,'Login','186.205.23.153',NULL,'2025-03-09 15:11:23',2,'2025-07-24 12:15:46','2025-07-24 12:15:46'),(405,'Login','186.205.23.153',NULL,'2025-03-09 15:11:23',2,'2025-07-24 20:21:32','2025-07-24 20:21:32'),(406,'Edição de Projeto','186.205.23.153',NULL,'2025-03-09 15:11:23',2,'2025-07-24 20:23:28','2025-07-24 20:23:28'),(407,'Login','186.205.6.37',NULL,'2025-03-09 15:11:23',1,'2025-07-25 04:01:49','2025-07-25 04:01:49'),(408,'Login','186.205.6.37',NULL,'2025-03-09 15:11:23',1,'2025-07-25 04:17:39','2025-07-25 04:17:39'),(409,'Login','186.205.6.37',NULL,'2025-03-09 15:11:23',1,'2025-07-25 04:18:08','2025-07-25 04:18:08'),(410,'Login','186.205.6.37',NULL,'2025-03-09 15:11:23',1,'2025-07-25 04:21:09','2025-07-25 04:21:09'),(411,'Login','186.205.23.153',NULL,'2025-03-09 15:11:23',2,'2025-07-25 20:36:14','2025-07-25 20:36:14'),(412,'Cadastro de Cliente','186.205.23.153',NULL,'2025-03-09 15:11:23',2,'2025-07-25 21:06:46','2025-07-25 21:06:46'),(413,'Cadastro de Projeto','186.205.23.153',NULL,'2025-03-09 15:11:23',2,'2025-07-25 21:08:36','2025-07-25 21:08:36'),(414,'Login','186.205.23.153',NULL,'2025-03-09 15:11:23',2,'2025-07-31 00:43:10','2025-07-31 00:43:10'),(415,'Login','177.192.128.31',NULL,'2025-03-09 15:11:23',2,'2025-07-31 19:49:44','2025-07-31 19:49:44'),(416,'Login','189.94.71.8',NULL,'2025-03-09 15:11:23',2,'2025-07-31 21:55:50','2025-07-31 21:55:50'),(417,'Login','177.192.128.31',NULL,'2025-03-09 15:11:23',2,'2025-07-31 22:27:34','2025-07-31 22:27:34'),(418,'Login','186.205.23.153',NULL,'2025-03-09 15:11:23',2,'2025-08-04 10:42:12','2025-08-04 10:42:12'),(419,'Login','186.205.159.126',NULL,'2025-03-09 15:11:23',3,'2025-08-04 18:54:02','2025-08-04 18:54:02'),(420,'Login','186.205.23.153',NULL,'2025-03-09 15:11:23',2,'2025-08-05 00:47:10','2025-08-05 00:47:10'),(421,'Login','186.205.23.153',NULL,'2025-03-09 15:11:23',2,'2025-08-05 13:35:19','2025-08-05 13:35:19'),(422,'Login','186.205.23.153',NULL,'2025-03-09 15:11:23',2,'2025-08-06 18:59:48','2025-08-06 18:59:48'),(423,'Login','186.205.26.80',NULL,'2025-03-09 15:11:23',2,'2025-08-07 13:50:00','2025-08-07 13:50:00'),(424,'Edição de Projeto','186.205.26.80',NULL,'2025-03-09 15:11:23',2,'2025-08-07 13:54:27','2025-08-07 13:54:27'),(425,'Edição de Cliente','186.205.26.80',NULL,'2025-03-09 15:11:23',2,'2025-08-07 13:54:43','2025-08-07 13:54:43'),(426,'Login','186.205.23.153',NULL,'2025-03-09 15:11:23',2,'2025-08-15 22:30:57','2025-08-15 22:30:57'),(427,'Login','186.205.6.37',NULL,'2025-03-09 15:11:23',1,'2025-08-19 04:27:05','2025-08-19 04:27:05'),(428,'Login','189.94.68.104',NULL,'2025-03-09 15:11:23',2,'2025-08-19 11:42:23','2025-08-19 11:42:23'),(429,'Login','186.205.6.37',NULL,'2025-03-09 15:11:23',1,'2025-08-19 11:53:47','2025-08-19 11:53:47'),(430,'Login','186.205.23.153',NULL,'2025-03-09 15:11:23',2,'2025-08-19 17:32:45','2025-08-19 17:32:45'),(431,'Cadastro de Pergunta','186.205.23.153',NULL,'2025-03-09 15:11:23',2,'2025-08-19 17:48:49','2025-08-19 17:48:49'),(432,'Cadastro de Tipo de empreendimento','186.205.23.153',NULL,'2025-03-09 15:11:23',2,'2025-08-19 17:50:03','2025-08-19 17:50:03'),(433,'Edição de Pergunta','186.205.23.153',NULL,'2025-03-09 15:11:23',2,'2025-08-19 17:50:42','2025-08-19 17:50:42'),(434,'Login','189.94.68.121',NULL,'2025-03-09 15:11:23',2,'2025-08-20 16:29:40','2025-08-20 16:29:40'),(435,'Login','164.85.53.208',NULL,'2025-03-09 15:11:23',2,'2025-08-20 19:12:33','2025-08-20 19:12:33'),(436,'Login','177.192.128.31',NULL,'2025-03-09 15:11:23',2,'2025-08-21 18:37:25','2025-08-21 18:37:25'),(437,'Cadastro de Pergunta','177.192.128.31',NULL,'2025-03-09 15:11:23',2,'2025-08-21 19:11:01','2025-08-21 19:11:01'),(438,'Edição de Pergunta','177.192.128.31',NULL,'2025-03-09 15:11:23',2,'2025-08-21 19:12:23','2025-08-21 19:12:23'),(439,'Edição de Pergunta','177.192.128.31',NULL,'2025-03-09 15:11:23',2,'2025-08-21 19:14:44','2025-08-21 19:14:44'),(440,'Edição de Pergunta','177.192.128.31',NULL,'2025-03-09 15:11:23',2,'2025-08-21 19:15:08','2025-08-21 19:15:08'),(441,'Cadastro de Pergunta','177.192.128.31',NULL,'2025-03-09 15:11:23',2,'2025-08-21 19:57:46','2025-08-21 19:57:46'),(442,'Cadastro de Pergunta','177.192.128.31',NULL,'2025-03-09 15:11:23',2,'2025-08-21 20:04:18','2025-08-21 20:04:18'),(443,'Cadastro de Pergunta','177.192.128.31',NULL,'2025-03-09 15:11:23',2,'2025-08-21 20:20:55','2025-08-21 20:20:55'),(444,'Cadastro de Pergunta','177.192.128.31',NULL,'2025-03-09 15:11:23',2,'2025-08-21 20:25:54','2025-08-21 20:25:54'),(445,'Login','186.205.23.153',NULL,'2025-03-09 15:11:23',2,'2025-08-22 14:42:34','2025-08-22 14:42:34'),(446,'Login','186.205.6.37',NULL,'2025-03-09 15:11:23',1,'2025-08-25 22:17:49','2025-08-25 22:17:49'),(447,'Login','186.205.6.37',NULL,'2025-03-09 15:11:23',1,'2025-08-25 22:30:39','2025-08-25 22:30:39'),(448,'Login','191.57.0.225',NULL,'2025-03-09 15:11:23',2,'2025-08-25 23:48:15','2025-08-25 23:48:15'),(449,'Login','191.57.0.225',NULL,'2025-03-09 15:11:23',2,'2025-08-25 23:53:59','2025-08-25 23:53:59'),(450,'Login','186.205.23.153',NULL,'2025-03-09 15:11:23',2,'2025-08-27 23:49:50','2025-08-27 23:49:50'),(451,'Login','186.205.23.153',NULL,'2025-03-09 15:11:23',2,'2025-09-13 23:52:01','2025-09-13 23:52:01');
/*!40000 ALTER TABLE `auditorias` ENABLE KEYS */;
UNLOCK TABLES;

--
-- Table structure for table `cache`
--

DROP TABLE IF EXISTS `cache`;
/*!40101 SET @saved_cs_client     = @@character_set_client */;
/*!50503 SET character_set_client = utf8mb4 */;
CREATE TABLE `cache` (
  `key` varchar(100) COLLATE utf8mb4_unicode_ci NOT NULL,
  `value` mediumtext COLLATE utf8mb4_unicode_ci NOT NULL,
  `expiration` int(11) NOT NULL,
  PRIMARY KEY (`key`)
) ENGINE=InnoDB DEFAULT CHARSET=utf8mb4 COLLATE=utf8mb4_unicode_ci;
/*!40101 SET character_set_client = @saved_cs_client */;

--
-- Dumping data for table `cache`
--

LOCK TABLES `cache` WRITE;
/*!40000 ALTER TABLE `cache` DISABLE KEYS */;
/*!40000 ALTER TABLE `cache` ENABLE KEYS */;
UNLOCK TABLES;

--
-- Table structure for table `cache_locks`
--

DROP TABLE IF EXISTS `cache_locks`;
/*!40101 SET @saved_cs_client     = @@character_set_client */;
/*!50503 SET character_set_client = utf8mb4 */;
CREATE TABLE `cache_locks` (
  `key` varchar(100) COLLATE utf8mb4_unicode_ci NOT NULL,
  `owner` varchar(255) COLLATE utf8mb4_unicode_ci NOT NULL,
  `expiration` int(11) NOT NULL,
  PRIMARY KEY (`key`)
) ENGINE=InnoDB DEFAULT CHARSET=utf8mb4 COLLATE=utf8mb4_unicode_ci;
/*!40101 SET character_set_client = @saved_cs_client */;

--
-- Dumping data for table `cache_locks`
--

LOCK TABLES `cache_locks` WRITE;
/*!40000 ALTER TABLE `cache_locks` DISABLE KEYS */;
/*!40000 ALTER TABLE `cache_locks` ENABLE KEYS */;
UNLOCK TABLES;

--
-- Table structure for table `clientes`
--

DROP TABLE IF EXISTS `clientes`;
/*!40101 SET @saved_cs_client     = @@character_set_client */;
/*!50503 SET character_set_client = utf8mb4 */;
CREATE TABLE `clientes` (
  `id` bigint(20) unsigned NOT NULL AUTO_INCREMENT,
  `nome` varchar(255) COLLATE utf8mb4_unicode_ci NOT NULL,
  `ativo` tinyint(1) NOT NULL DEFAULT '1',
  `data_cadastro` datetime NOT NULL DEFAULT '2025-06-23 03:03:59',
  `empresa_id` bigint(20) unsigned NOT NULL,
  `created_at` timestamp NULL DEFAULT NULL,
  `updated_at` timestamp NULL DEFAULT NULL,
  PRIMARY KEY (`id`),
  KEY `clientes_empresa_id_foreign` (`empresa_id`),
  CONSTRAINT `clientes_empresa_id_foreign` FOREIGN KEY (`empresa_id`) REFERENCES `empresas` (`id`)
) ENGINE=InnoDB AUTO_INCREMENT=7 DEFAULT CHARSET=utf8mb4 COLLATE=utf8mb4_unicode_ci;
/*!40101 SET character_set_client = @saved_cs_client */;

--
-- Dumping data for table `clientes`
--

LOCK TABLES `clientes` WRITE;
/*!40000 ALTER TABLE `clientes` DISABLE KEYS */;
INSERT INTO `clientes` VALUES (1,'cliente',1,'2025-06-23 03:03:59',2,'2025-06-23 06:06:00','2025-06-23 06:06:00'),(2,'Barra Shopping',1,'2025-06-23 03:03:59',1,'2025-06-23 21:06:31','2025-06-23 21:06:31'),(3,'GoodMan',1,'2025-06-23 03:03:59',1,'2025-06-23 21:06:50','2025-06-23 21:06:50'),(4,'Madureira Shopping',1,'2025-06-23 03:03:59',1,'2025-07-08 21:09:37','2025-07-08 21:09:37'),(5,'Apollo Tubos',1,'2025-06-23 03:03:59',1,'2025-07-10 15:42:46','2025-08-07 13:54:43'),(6,'My Style Jacarepaguá',1,'2025-06-23 03:03:59',1,'2025-07-25 21:06:46','2025-07-25 21:06:46');
/*!40000 ALTER TABLE `clientes` ENABLE KEYS */;
UNLOCK TABLES;

--
-- Table structure for table `empresas`
--

DROP TABLE IF EXISTS `empresas`;
/*!40101 SET @saved_cs_client     = @@character_set_client */;
/*!50503 SET character_set_client = utf8mb4 */;
CREATE TABLE `empresas` (
  `id` bigint(20) unsigned NOT NULL AUTO_INCREMENT,
  `razao_social` varchar(255) COLLATE utf8mb4_unicode_ci NOT NULL,
  `cnpj` varchar(20) COLLATE utf8mb4_unicode_ci NOT NULL,
  `ativo` tinyint(1) NOT NULL DEFAULT '1',
  `email` varchar(255) COLLATE utf8mb4_unicode_ci NOT NULL,
  `whatsapp` varchar(20) COLLATE utf8mb4_unicode_ci NOT NULL,
  `qtd_usuarios_permitidos` int(11) NOT NULL,
  `data_cadastro` datetime NOT NULL DEFAULT '2025-03-09 15:11:23',
  `created_at` timestamp NULL DEFAULT NULL,
  `updated_at` timestamp NULL DEFAULT NULL,
  PRIMARY KEY (`id`)
) ENGINE=InnoDB AUTO_INCREMENT=4 DEFAULT CHARSET=utf8mb4 COLLATE=utf8mb4_unicode_ci;
/*!40101 SET character_set_client = @saved_cs_client */;

--
-- Dumping data for table `empresas`
--

LOCK TABLES `empresas` WRITE;
/*!40000 ALTER TABLE `empresas` DISABLE KEYS */;
INSERT INTO `empresas` VALUES (1,'SafeGuard Consultoria Ltda','12.345.678/0001-95',1,'contato@safeguardconsultoria.com.br','+55 11 98765-4321',3,'2025-03-09 15:11:23','2025-03-26 22:05:17','2025-04-02 23:09:17'),(2,'ProtecSeg Soluções em Segurança','98.765.432/0001-98',1,'suporte@protecseg.com.br','+55 21 91234-5678',5,'2025-03-09 15:11:23','2025-03-26 22:12:06','2025-03-26 22:12:06'),(3,'RiskZero Consultores Associados','56.789.123/0001-08',1,'atendimento@riskzero.com.br','+55 31 99876-5432',5,'2025-03-09 15:11:23','2025-03-26 22:12:40','2025-04-02 23:12:52');
/*!40000 ALTER TABLE `empresas` ENABLE KEYS */;
UNLOCK TABLES;

--
-- Table structure for table `failed_jobs`
--

DROP TABLE IF EXISTS `failed_jobs`;
/*!40101 SET @saved_cs_client     = @@character_set_client */;
/*!50503 SET character_set_client = utf8mb4 */;
CREATE TABLE `failed_jobs` (
  `id` bigint(20) unsigned NOT NULL AUTO_INCREMENT,
  `uuid` varchar(255) COLLATE utf8mb4_unicode_ci NOT NULL,
  `connection` text COLLATE utf8mb4_unicode_ci NOT NULL,
  `queue` text COLLATE utf8mb4_unicode_ci NOT NULL,
  `payload` longtext COLLATE utf8mb4_unicode_ci NOT NULL,
  `exception` longtext COLLATE utf8mb4_unicode_ci NOT NULL,
  `failed_at` timestamp NOT NULL DEFAULT CURRENT_TIMESTAMP,
  PRIMARY KEY (`id`)
) ENGINE=InnoDB DEFAULT CHARSET=utf8mb4 COLLATE=utf8mb4_unicode_ci;
/*!40101 SET character_set_client = @saved_cs_client */;

--
-- Dumping data for table `failed_jobs`
--

LOCK TABLES `failed_jobs` WRITE;
/*!40000 ALTER TABLE `failed_jobs` DISABLE KEYS */;
/*!40000 ALTER TABLE `failed_jobs` ENABLE KEYS */;
UNLOCK TABLES;

--
-- Table structure for table `formularios`
--

DROP TABLE IF EXISTS `formularios`;
/*!40101 SET @saved_cs_client     = @@character_set_client */;
/*!50503 SET character_set_client = utf8mb4 */;
CREATE TABLE `formularios` (
  `id` bigint(20) unsigned NOT NULL AUTO_INCREMENT,
  `nome` varchar(255) COLLATE utf8mb4_unicode_ci NOT NULL,
  `data_cadastro` datetime NOT NULL DEFAULT '2025-03-09 15:11:24',
  `empresa_id` bigint(20) unsigned NOT NULL,
  `projeto_id` bigint(20) unsigned NOT NULL,
  `criado_por_usuario_id` bigint(20) unsigned NOT NULL,
  `created_at` timestamp NULL DEFAULT NULL,
  `updated_at` timestamp NULL DEFAULT NULL,
  `total_perguntas` int(11) DEFAULT '0',
  `total_perguntas_respondidas` int(11) DEFAULT '0',
  `porcentagem_preenchimento` double DEFAULT '0',
  `total_vulnerabilidades` int(11) DEFAULT '0',
  `total_riscos_altissimos` int(11) DEFAULT '0',
  `total_recomendacoes` int(11) DEFAULT '0',
  PRIMARY KEY (`id`),
  KEY `formularios_empresa_id_foreign` (`empresa_id`),
  KEY `formularios_projeto_id_foreign` (`projeto_id`),
  KEY `formularios_criado_por_usuario_id_foreign` (`criado_por_usuario_id`),
  CONSTRAINT `formularios_criado_por_usuario_id_foreign` FOREIGN KEY (`criado_por_usuario_id`) REFERENCES `users` (`id`),
  CONSTRAINT `formularios_empresa_id_foreign` FOREIGN KEY (`empresa_id`) REFERENCES `empresas` (`id`),
  CONSTRAINT `formularios_projeto_id_foreign` FOREIGN KEY (`projeto_id`) REFERENCES `projetos` (`id`)
) ENGINE=InnoDB AUTO_INCREMENT=11 DEFAULT CHARSET=utf8mb4 COLLATE=utf8mb4_unicode_ci;
/*!40101 SET character_set_client = @saved_cs_client */;

--
-- Dumping data for table `formularios`
--

LOCK TABLES `formularios` WRITE;
/*!40000 ALTER TABLE `formularios` DISABLE KEYS */;
INSERT INTO `formularios` VALUES (6,'Barra Shopping','2025-06-23 18:10:18',1,3,2,'2025-06-23 21:10:18','2025-07-08 21:33:09',37,37,100,24,25,37),(7,'Inspeção Goodman','2025-07-08 18:10:47',1,4,2,'2025-07-08 21:10:47','2025-07-08 21:10:47',37,0,0,0,0,0),(8,'Area Madureira','2025-07-08 18:10:58',1,5,2,'2025-07-08 21:10:58','2025-07-08 21:10:58',37,0,0,0,0,0),(9,'Analise de Risco','2025-07-10 12:45:48',1,6,2,'2025-07-10 15:45:48','2025-07-31 21:50:55',37,10,27.027027027027,7,6,8),(10,'Teste','2025-07-23 22:03:54',1,6,3,'2025-07-24 01:03:54','2025-07-24 01:04:28',37,1,2.7027027027027,1,1,1);
/*!40000 ALTER TABLE `formularios` ENABLE KEYS */;
UNLOCK TABLES;

--
-- Table structure for table `job_batches`
--

DROP TABLE IF EXISTS `job_batches`;
/*!40101 SET @saved_cs_client     = @@character_set_client */;
/*!50503 SET character_set_client = utf8mb4 */;
CREATE TABLE `job_batches` (
  `id` varchar(100) COLLATE utf8mb4_unicode_ci NOT NULL,
  `name` varchar(255) COLLATE utf8mb4_unicode_ci NOT NULL,
  `total_jobs` int(11) NOT NULL,
  `pending_jobs` int(11) NOT NULL,
  `failed_jobs` int(11) NOT NULL,
  `failed_job_ids` longtext COLLATE utf8mb4_unicode_ci NOT NULL,
  `options` mediumtext COLLATE utf8mb4_unicode_ci,
  `cancelled_at` int(11) DEFAULT NULL,
  `created_at` int(11) NOT NULL,
  `finished_at` int(11) DEFAULT NULL,
  PRIMARY KEY (`id`)
) ENGINE=InnoDB DEFAULT CHARSET=utf8mb4 COLLATE=utf8mb4_unicode_ci;
/*!40101 SET character_set_client = @saved_cs_client */;

--
-- Dumping data for table `job_batches`
--

LOCK TABLES `job_batches` WRITE;
/*!40000 ALTER TABLE `job_batches` DISABLE KEYS */;
/*!40000 ALTER TABLE `job_batches` ENABLE KEYS */;
UNLOCK TABLES;

--
-- Table structure for table `jobs`
--

DROP TABLE IF EXISTS `jobs`;
/*!40101 SET @saved_cs_client     = @@character_set_client */;
/*!50503 SET character_set_client = utf8mb4 */;
CREATE TABLE `jobs` (
  `id` bigint(20) unsigned NOT NULL AUTO_INCREMENT,
  `queue` varchar(255) COLLATE utf8mb4_unicode_ci NOT NULL,
  `payload` longtext COLLATE utf8mb4_unicode_ci NOT NULL,
  `attempts` tinyint(3) unsigned NOT NULL,
  `reserved_at` int(10) unsigned DEFAULT NULL,
  `available_at` int(10) unsigned NOT NULL,
  `created_at` int(10) unsigned NOT NULL,
  PRIMARY KEY (`id`)
) ENGINE=InnoDB DEFAULT CHARSET=utf8mb4 COLLATE=utf8mb4_unicode_ci;
/*!40101 SET character_set_client = @saved_cs_client */;

--
-- Dumping data for table `jobs`
--

LOCK TABLES `jobs` WRITE;
/*!40000 ALTER TABLE `jobs` DISABLE KEYS */;
/*!40000 ALTER TABLE `jobs` ENABLE KEYS */;
UNLOCK TABLES;

--
-- Table structure for table `migrations`
--

DROP TABLE IF EXISTS `migrations`;
/*!40101 SET @saved_cs_client     = @@character_set_client */;
/*!50503 SET character_set_client = utf8mb4 */;
CREATE TABLE `migrations` (
  `id` int(10) unsigned NOT NULL AUTO_INCREMENT,
  `migration` varchar(255) COLLATE utf8mb4_unicode_ci NOT NULL,
  `batch` int(11) NOT NULL,
  PRIMARY KEY (`id`)
) ENGINE=InnoDB AUTO_INCREMENT=27 DEFAULT CHARSET=utf8mb4 COLLATE=utf8mb4_unicode_ci;
/*!40101 SET character_set_client = @saved_cs_client */;

--
-- Dumping data for table `migrations`
--

LOCK TABLES `migrations` WRITE;
/*!40000 ALTER TABLE `migrations` DISABLE KEYS */;
INSERT INTO `migrations` VALUES (1,'00000_03_08_234_arquivos',1),(2,'0000_03_08_063414_empresas',1),(3,'0001_01_01_000000_create_users_table',1),(4,'0001_01_01_000001_create_cache_table',1),(5,'0001_01_01_000002_create_jobs_table',1),(6,'2025_03_09_030427_auditorias',1),(7,'2025_03_09_031229_tipos_empreendimentos',1),(8,'2025_03_09_031413_topicos',1),(9,'2025_03_09_031456_areas',1),(10,'2025_03_09_031525_tematicas',1),(11,'2025_03_09_031550_tags',1),(12,'2025_03_09_031739_perguntas',1),(13,'2025_03_09_032118_pergunta_tipo_empreendimento',1),(14,'2025_03_09_032328_pergunta_topico',1),(15,'2025_03_09_032435_pergunta_area',1),(16,'2025_03_09_032551_pergunta_tag',1),(17,'2025_03_09_032711_pergunta_foto',1),(18,'2025_03_09_033148_projetos',1),(19,'2025_03_09_033743_projeto_tipo_empreendimento',1),(20,'2025_03_09_033927_projeto_arquivo',1),(21,'2025_03_09_034058_projeto_usuario',1),(22,'2025_03_09_034206_formularios',1),(23,'2025_03_09_042915_recuperacao_senha',1),(24,'2025_04_10_040214_resposta',2),(25,'2025_04_21_174852_perguntas_personalizadas',3),(26,'2025_06_22_233445_cliente',3);
/*!40000 ALTER TABLE `migrations` ENABLE KEYS */;
UNLOCK TABLES;

--
-- Table structure for table `pergunta_area`
--

DROP TABLE IF EXISTS `pergunta_area`;
/*!40101 SET @saved_cs_client     = @@character_set_client */;
/*!50503 SET character_set_client = utf8mb4 */;
CREATE TABLE `pergunta_area` (
  `id` bigint(20) unsigned NOT NULL AUTO_INCREMENT,
  `pergunta_id` bigint(20) unsigned NOT NULL,
  `area_id` bigint(20) unsigned NOT NULL,
  `created_at` timestamp NULL DEFAULT NULL,
  `updated_at` timestamp NULL DEFAULT NULL,
  PRIMARY KEY (`id`),
  KEY `pergunta_area_pergunta_id_foreign` (`pergunta_id`),
  KEY `pergunta_area_area_id_foreign` (`area_id`),
  CONSTRAINT `pergunta_area_area_id_foreign` FOREIGN KEY (`area_id`) REFERENCES `areas` (`id`),
  CONSTRAINT `pergunta_area_pergunta_id_foreign` FOREIGN KEY (`pergunta_id`) REFERENCES `perguntas` (`id`)
) ENGINE=InnoDB AUTO_INCREMENT=58 DEFAULT CHARSET=utf8mb4 COLLATE=utf8mb4_unicode_ci;
/*!40101 SET character_set_client = @saved_cs_client */;

--
-- Dumping data for table `pergunta_area`
--

LOCK TABLES `pergunta_area` WRITE;
/*!40000 ALTER TABLE `pergunta_area` DISABLE KEYS */;
INSERT INTO `pergunta_area` VALUES (3,1,1,'2025-03-26 20:35:27','2025-03-26 20:35:27'),(6,3,1,'2025-03-26 21:37:38','2025-03-26 21:37:38'),(7,4,1,'2025-03-26 21:55:13','2025-03-26 21:55:13'),(8,5,1,'2025-03-26 21:56:53','2025-03-26 21:56:53'),(9,6,1,'2025-03-26 22:14:36','2025-03-26 22:14:36'),(10,7,1,'2025-03-26 22:15:36','2025-03-26 22:15:36'),(11,8,1,'2025-03-26 22:17:17','2025-03-26 22:17:17'),(12,9,1,'2025-03-26 22:17:49','2025-03-26 22:17:49'),(15,11,1,'2025-03-26 22:20:32','2025-03-26 22:20:32'),(16,10,1,'2025-03-26 22:20:47','2025-03-26 22:20:47'),(17,12,1,'2025-03-26 22:22:14','2025-03-26 22:22:14'),(18,13,1,'2025-03-26 22:23:09','2025-03-26 22:23:09'),(19,14,2,'2025-03-26 22:25:08','2025-03-26 22:25:08'),(20,15,2,'2025-03-26 22:26:38','2025-03-26 22:26:38'),(21,16,2,'2025-03-26 22:27:51','2025-03-26 22:27:51'),(22,17,2,'2025-03-26 22:30:21','2025-03-26 22:30:21'),(23,18,2,'2025-03-26 22:31:00','2025-03-26 22:31:00'),(24,19,2,'2025-03-26 22:31:48','2025-03-26 22:31:48'),(26,20,2,'2025-03-26 22:36:29','2025-03-26 22:36:29'),(27,21,2,'2025-03-26 22:37:26','2025-03-26 22:37:26'),(28,22,2,'2025-03-26 22:59:21','2025-03-26 22:59:21'),(29,23,2,'2025-03-26 23:03:05','2025-03-26 23:03:05'),(30,24,2,'2025-03-26 23:04:24','2025-03-26 23:04:24'),(31,25,2,'2025-03-26 23:05:20','2025-03-26 23:05:20'),(32,26,2,'2025-03-26 23:06:09','2025-03-26 23:06:09'),(33,27,2,'2025-03-26 23:09:01','2025-03-26 23:09:01'),(34,28,2,'2025-03-26 23:10:22','2025-03-26 23:10:22'),(35,29,2,'2025-03-26 23:11:25','2025-03-26 23:11:25'),(36,30,2,'2025-03-26 23:14:38','2025-03-26 23:14:38'),(37,31,3,'2025-03-26 23:15:41','2025-03-26 23:15:41'),(38,32,3,'2025-03-26 23:16:51','2025-03-26 23:16:51'),(39,33,3,'2025-03-26 23:32:30','2025-03-26 23:32:30'),(40,34,3,'2025-03-26 23:33:21','2025-03-26 23:33:21'),(41,35,3,'2025-03-26 23:34:24','2025-03-26 23:34:24'),(42,36,3,'2025-03-26 23:37:04','2025-03-26 23:37:04'),(43,37,3,'2025-03-26 23:45:52','2025-03-26 23:45:52'),(47,39,1,'2025-08-21 19:12:23','2025-08-21 19:12:23'),(48,38,4,'2025-08-21 19:14:44','2025-08-21 19:14:44'),(49,2,1,'2025-08-21 19:15:08','2025-08-21 19:15:08'),(50,40,2,'2025-08-21 19:57:46','2025-08-21 19:57:46'),(51,40,3,'2025-08-21 19:57:46','2025-08-21 19:57:46'),(52,40,4,'2025-08-21 19:57:46','2025-08-21 19:57:46'),(53,41,3,'2025-08-21 20:04:18','2025-08-21 20:04:18'),(54,41,4,'2025-08-21 20:04:18','2025-08-21 20:04:18'),(55,42,3,'2025-08-21 20:20:55','2025-08-21 20:20:55'),(56,43,18,'2025-08-21 20:25:54','2025-08-21 20:25:54'),(57,43,6,'2025-08-21 20:25:54','2025-08-21 20:25:54');
/*!40000 ALTER TABLE `pergunta_area` ENABLE KEYS */;
UNLOCK TABLES;

--
-- Table structure for table `pergunta_foto`
--

DROP TABLE IF EXISTS `pergunta_foto`;
/*!40101 SET @saved_cs_client     = @@character_set_client */;
/*!50503 SET character_set_client = utf8mb4 */;
CREATE TABLE `pergunta_foto` (
  `id` bigint(20) unsigned NOT NULL AUTO_INCREMENT,
  `pergunta_id` bigint(20) unsigned NOT NULL,
  `arquivo_id` bigint(20) unsigned NOT NULL,
  `created_at` timestamp NULL DEFAULT NULL,
  `updated_at` timestamp NULL DEFAULT NULL,
  `legenda` varchar(255) COLLATE utf8mb4_unicode_ci DEFAULT NULL,
  PRIMARY KEY (`id`),
  KEY `pergunta_foto_pergunta_id_foreign` (`pergunta_id`),
  KEY `pergunta_foto_arquivo_id_foreign` (`arquivo_id`),
  CONSTRAINT `pergunta_foto_arquivo_id_foreign` FOREIGN KEY (`arquivo_id`) REFERENCES `arquivos` (`id`),
  CONSTRAINT `pergunta_foto_pergunta_id_foreign` FOREIGN KEY (`pergunta_id`) REFERENCES `perguntas` (`id`)
) ENGINE=InnoDB DEFAULT CHARSET=utf8mb4 COLLATE=utf8mb4_unicode_ci;
/*!40101 SET character_set_client = @saved_cs_client */;

--
-- Dumping data for table `pergunta_foto`
--

LOCK TABLES `pergunta_foto` WRITE;
/*!40000 ALTER TABLE `pergunta_foto` DISABLE KEYS */;
/*!40000 ALTER TABLE `pergunta_foto` ENABLE KEYS */;
UNLOCK TABLES;

--
-- Table structure for table `pergunta_tag`
--

DROP TABLE IF EXISTS `pergunta_tag`;
/*!40101 SET @saved_cs_client     = @@character_set_client */;
/*!50503 SET character_set_client = utf8mb4 */;
CREATE TABLE `pergunta_tag` (
  `id` bigint(20) unsigned NOT NULL AUTO_INCREMENT,
  `pergunta_id` bigint(20) unsigned NOT NULL,
  `tag_id` bigint(20) unsigned NOT NULL,
  `created_at` timestamp NULL DEFAULT NULL,
  `updated_at` timestamp NULL DEFAULT NULL,
  PRIMARY KEY (`id`),
  KEY `pergunta_tag_pergunta_id_foreign` (`pergunta_id`),
  KEY `pergunta_tag_tag_id_foreign` (`tag_id`),
  CONSTRAINT `pergunta_tag_pergunta_id_foreign` FOREIGN KEY (`pergunta_id`) REFERENCES `perguntas` (`id`),
  CONSTRAINT `pergunta_tag_tag_id_foreign` FOREIGN KEY (`tag_id`) REFERENCES `tags` (`id`)
) ENGINE=InnoDB AUTO_INCREMENT=97 DEFAULT CHARSET=utf8mb4 COLLATE=utf8mb4_unicode_ci;
/*!40101 SET character_set_client = @saved_cs_client */;

--
-- Dumping data for table `pergunta_tag`
--

LOCK TABLES `pergunta_tag` WRITE;
/*!40000 ALTER TABLE `pergunta_tag` DISABLE KEYS */;
INSERT INTO `pergunta_tag` VALUES (3,1,17,'2025-03-26 20:35:27','2025-03-26 20:35:27'),(4,1,24,'2025-03-26 20:35:27','2025-03-26 20:35:27'),(9,3,17,'2025-03-26 21:37:38','2025-03-26 21:37:38'),(10,3,15,'2025-03-26 21:37:38','2025-03-26 21:37:38'),(11,4,17,'2025-03-26 21:55:13','2025-03-26 21:55:13'),(12,4,73,'2025-03-26 21:55:13','2025-03-26 21:55:13'),(13,5,72,'2025-03-26 21:56:53','2025-03-26 21:56:53'),(14,5,8,'2025-03-26 21:56:53','2025-03-26 21:56:53'),(15,5,36,'2025-03-26 21:56:53','2025-03-26 21:56:53'),(16,6,61,'2025-03-26 22:14:36','2025-03-26 22:14:36'),(17,6,7,'2025-03-26 22:14:36','2025-03-26 22:14:36'),(18,7,61,'2025-03-26 22:15:36','2025-03-26 22:15:36'),(19,7,7,'2025-03-26 22:15:36','2025-03-26 22:15:36'),(20,8,61,'2025-03-26 22:17:17','2025-03-26 22:17:17'),(21,8,7,'2025-03-26 22:17:17','2025-03-26 22:17:17'),(22,9,61,'2025-03-26 22:17:49','2025-03-26 22:17:49'),(23,9,7,'2025-03-26 22:17:49','2025-03-26 22:17:49'),(28,11,48,'2025-03-26 22:20:32','2025-03-26 22:20:32'),(29,11,49,'2025-03-26 22:20:32','2025-03-26 22:20:32'),(30,10,61,'2025-03-26 22:20:47','2025-03-26 22:20:47'),(31,10,7,'2025-03-26 22:20:47','2025-03-26 22:20:47'),(32,12,71,'2025-03-26 22:22:14','2025-03-26 22:22:14'),(33,12,62,'2025-03-26 22:22:14','2025-03-26 22:22:14'),(34,13,71,'2025-03-26 22:23:09','2025-03-26 22:23:09'),(35,13,39,'2025-03-26 22:23:09','2025-03-26 22:23:09'),(36,14,3,'2025-03-26 22:25:08','2025-03-26 22:25:08'),(37,14,20,'2025-03-26 22:25:08','2025-03-26 22:25:08'),(38,15,6,'2025-03-26 22:26:38','2025-03-26 22:26:38'),(39,15,18,'2025-03-26 22:26:38','2025-03-26 22:26:38'),(40,16,43,'2025-03-26 22:27:51','2025-03-26 22:27:51'),(41,16,4,'2025-03-26 22:27:51','2025-03-26 22:27:51'),(42,17,20,'2025-03-26 22:30:21','2025-03-26 22:30:21'),(43,17,37,'2025-03-26 22:30:21','2025-03-26 22:30:21'),(44,18,20,'2025-03-26 22:31:00','2025-03-26 22:31:00'),(45,18,22,'2025-03-26 22:31:00','2025-03-26 22:31:00'),(46,19,49,'2025-03-26 22:31:48','2025-03-26 22:31:48'),(47,19,35,'2025-03-26 22:31:48','2025-03-26 22:31:48'),(50,20,20,'2025-03-26 22:36:29','2025-03-26 22:36:29'),(51,20,70,'2025-03-26 22:36:29','2025-03-26 22:36:29'),(52,21,32,'2025-03-26 22:37:26','2025-03-26 22:37:26'),(53,21,19,'2025-03-26 22:37:26','2025-03-26 22:37:26'),(54,22,32,'2025-03-26 22:59:21','2025-03-26 22:59:21'),(55,22,8,'2025-03-26 22:59:21','2025-03-26 22:59:21'),(56,23,30,'2025-03-26 23:03:05','2025-03-26 23:03:05'),(57,23,37,'2025-03-26 23:03:05','2025-03-26 23:03:05'),(58,24,41,'2025-03-26 23:04:24','2025-03-26 23:04:24'),(59,24,21,'2025-03-26 23:04:24','2025-03-26 23:04:24'),(60,25,41,'2025-03-26 23:05:20','2025-03-26 23:05:20'),(61,25,21,'2025-03-26 23:05:20','2025-03-26 23:05:20'),(62,26,41,'2025-03-26 23:06:09','2025-03-26 23:06:09'),(63,26,74,'2025-03-26 23:06:09','2025-03-26 23:06:09'),(64,27,75,'2025-03-26 23:09:01','2025-03-26 23:09:01'),(65,28,28,'2025-03-26 23:10:22','2025-03-26 23:10:22'),(66,29,5,'2025-03-26 23:11:25','2025-03-26 23:11:25'),(67,30,44,'2025-03-26 23:14:38','2025-03-26 23:14:38'),(68,30,62,'2025-03-26 23:14:38','2025-03-26 23:14:38'),(69,31,22,'2025-03-26 23:15:41','2025-03-26 23:15:41'),(70,31,43,'2025-03-26 23:15:41','2025-03-26 23:15:41'),(71,32,5,'2025-03-26 23:16:51','2025-03-26 23:16:51'),(72,32,43,'2025-03-26 23:16:51','2025-03-26 23:16:51'),(73,33,17,'2025-03-26 23:32:30','2025-03-26 23:32:30'),(74,34,22,'2025-03-26 23:33:21','2025-03-26 23:33:21'),(75,34,47,'2025-03-26 23:33:21','2025-03-26 23:33:21'),(76,35,22,'2025-03-26 23:34:24','2025-03-26 23:34:24'),(77,36,61,'2025-03-26 23:37:04','2025-03-26 23:37:04'),(78,36,7,'2025-03-26 23:37:04','2025-03-26 23:37:04'),(79,37,48,'2025-03-26 23:45:52','2025-03-26 23:45:52'),(80,37,49,'2025-03-26 23:45:52','2025-03-26 23:45:52'),(85,39,24,'2025-08-21 19:12:23','2025-08-21 19:12:23'),(86,39,6,'2025-08-21 19:12:23','2025-08-21 19:12:23'),(87,38,43,'2025-08-21 19:14:44','2025-08-21 19:14:44'),(88,2,17,'2025-08-21 19:15:08','2025-08-21 19:15:08'),(89,2,40,'2025-08-21 19:15:08','2025-08-21 19:15:08'),(90,40,43,'2025-08-21 19:57:46','2025-08-21 19:57:46'),(91,41,43,'2025-08-21 20:04:18','2025-08-21 20:04:18'),(92,42,4,'2025-08-21 20:20:55','2025-08-21 20:20:55'),(93,42,43,'2025-08-21 20:20:55','2025-08-21 20:20:55'),(94,43,61,'2025-08-21 20:25:54','2025-08-21 20:25:54'),(95,43,7,'2025-08-21 20:25:54','2025-08-21 20:25:54'),(96,43,16,'2025-08-21 20:25:54','2025-08-21 20:25:54');
/*!40000 ALTER TABLE `pergunta_tag` ENABLE KEYS */;
UNLOCK TABLES;

--
-- Table structure for table `pergunta_tipo_empreendimento`
--

DROP TABLE IF EXISTS `pergunta_tipo_empreendimento`;
/*!40101 SET @saved_cs_client     = @@character_set_client */;
/*!50503 SET character_set_client = utf8mb4 */;
CREATE TABLE `pergunta_tipo_empreendimento` (
  `id` bigint(20) unsigned NOT NULL AUTO_INCREMENT,
  `pergunta_id` bigint(20) unsigned NOT NULL,
  `tipo_empreendimento_id` bigint(20) unsigned NOT NULL,
  `created_at` timestamp NULL DEFAULT NULL,
  `updated_at` timestamp NULL DEFAULT NULL,
  PRIMARY KEY (`id`),
  KEY `pergunta_tipo_empreendimento_pergunta_id_foreign` (`pergunta_id`),
  KEY `pergunta_tipo_empreendimento_tipo_empreendimento_id_foreign` (`tipo_empreendimento_id`),
  CONSTRAINT `pergunta_tipo_empreendimento_pergunta_id_foreign` FOREIGN KEY (`pergunta_id`) REFERENCES `perguntas` (`id`),
  CONSTRAINT `pergunta_tipo_empreendimento_tipo_empreendimento_id_foreign` FOREIGN KEY (`tipo_empreendimento_id`) REFERENCES `tipos_empreendimentos` (`id`)
) ENGINE=InnoDB AUTO_INCREMENT=489 DEFAULT CHARSET=utf8mb4 COLLATE=utf8mb4_unicode_ci;
/*!40101 SET character_set_client = @saved_cs_client */;

--
-- Dumping data for table `pergunta_tipo_empreendimento`
--

LOCK TABLES `pergunta_tipo_empreendimento` WRITE;
/*!40000 ALTER TABLE `pergunta_tipo_empreendimento` DISABLE KEYS */;
INSERT INTO `pergunta_tipo_empreendimento` VALUES (5,1,2,'2025-03-26 20:35:27','2025-03-26 20:35:27'),(6,1,1,'2025-03-26 20:35:27','2025-03-26 20:35:27'),(7,1,6,'2025-03-26 20:35:27','2025-03-26 20:35:27'),(8,1,10,'2025-03-26 20:35:27','2025-03-26 20:35:27'),(9,1,7,'2025-03-26 20:35:27','2025-03-26 20:35:27'),(10,1,3,'2025-03-26 20:35:27','2025-03-26 20:35:27'),(11,1,8,'2025-03-26 20:35:27','2025-03-26 20:35:27'),(12,1,9,'2025-03-26 20:35:27','2025-03-26 20:35:27'),(13,1,4,'2025-03-26 20:35:27','2025-03-26 20:35:27'),(14,1,5,'2025-03-26 20:35:27','2025-03-26 20:35:27'),(35,3,10,'2025-03-26 21:37:37','2025-03-26 21:37:37'),(36,3,3,'2025-03-26 21:37:37','2025-03-26 21:37:37'),(37,3,2,'2025-03-26 21:37:37','2025-03-26 21:37:37'),(38,3,6,'2025-03-26 21:37:37','2025-03-26 21:37:37'),(39,3,8,'2025-03-26 21:37:37','2025-03-26 21:37:37'),(40,3,7,'2025-03-26 21:37:37','2025-03-26 21:37:37'),(41,3,9,'2025-03-26 21:37:37','2025-03-26 21:37:37'),(42,3,1,'2025-03-26 21:37:37','2025-03-26 21:37:37'),(43,3,4,'2025-03-26 21:37:37','2025-03-26 21:37:37'),(44,3,5,'2025-03-26 21:37:37','2025-03-26 21:37:37'),(45,4,6,'2025-03-26 21:55:13','2025-03-26 21:55:13'),(46,4,2,'2025-03-26 21:55:13','2025-03-26 21:55:13'),(47,4,3,'2025-03-26 21:55:13','2025-03-26 21:55:13'),(48,4,10,'2025-03-26 21:55:13','2025-03-26 21:55:13'),(49,4,8,'2025-03-26 21:55:13','2025-03-26 21:55:13'),(50,4,9,'2025-03-26 21:55:13','2025-03-26 21:55:13'),(51,4,1,'2025-03-26 21:55:13','2025-03-26 21:55:13'),(52,4,4,'2025-03-26 21:55:13','2025-03-26 21:55:13'),(53,4,5,'2025-03-26 21:55:13','2025-03-26 21:55:13'),(54,4,7,'2025-03-26 21:55:13','2025-03-26 21:55:13'),(55,5,6,'2025-03-26 21:56:53','2025-03-26 21:56:53'),(56,5,2,'2025-03-26 21:56:53','2025-03-26 21:56:53'),(57,5,3,'2025-03-26 21:56:53','2025-03-26 21:56:53'),(58,5,10,'2025-03-26 21:56:53','2025-03-26 21:56:53'),(59,5,8,'2025-03-26 21:56:53','2025-03-26 21:56:53'),(60,5,7,'2025-03-26 21:56:53','2025-03-26 21:56:53'),(61,5,9,'2025-03-26 21:56:53','2025-03-26 21:56:53'),(62,5,1,'2025-03-26 21:56:53','2025-03-26 21:56:53'),(63,5,4,'2025-03-26 21:56:53','2025-03-26 21:56:53'),(64,5,5,'2025-03-26 21:56:53','2025-03-26 21:56:53'),(65,6,6,'2025-03-26 22:14:36','2025-03-26 22:14:36'),(66,6,2,'2025-03-26 22:14:36','2025-03-26 22:14:36'),(67,6,3,'2025-03-26 22:14:36','2025-03-26 22:14:36'),(68,6,10,'2025-03-26 22:14:36','2025-03-26 22:14:36'),(69,6,8,'2025-03-26 22:14:36','2025-03-26 22:14:36'),(70,6,7,'2025-03-26 22:14:36','2025-03-26 22:14:36'),(71,6,9,'2025-03-26 22:14:36','2025-03-26 22:14:36'),(72,6,1,'2025-03-26 22:14:36','2025-03-26 22:14:36'),(73,6,4,'2025-03-26 22:14:36','2025-03-26 22:14:36'),(74,6,5,'2025-03-26 22:14:36','2025-03-26 22:14:36'),(75,7,10,'2025-03-26 22:15:36','2025-03-26 22:15:36'),(76,7,3,'2025-03-26 22:15:36','2025-03-26 22:15:36'),(77,7,2,'2025-03-26 22:15:36','2025-03-26 22:15:36'),(78,7,6,'2025-03-26 22:15:36','2025-03-26 22:15:36'),(79,7,8,'2025-03-26 22:15:36','2025-03-26 22:15:36'),(80,7,7,'2025-03-26 22:15:36','2025-03-26 22:15:36'),(81,7,9,'2025-03-26 22:15:36','2025-03-26 22:15:36'),(82,7,1,'2025-03-26 22:15:36','2025-03-26 22:15:36'),(83,7,4,'2025-03-26 22:15:36','2025-03-26 22:15:36'),(84,7,5,'2025-03-26 22:15:36','2025-03-26 22:15:36'),(85,8,10,'2025-03-26 22:17:17','2025-03-26 22:17:17'),(86,8,3,'2025-03-26 22:17:17','2025-03-26 22:17:17'),(87,8,2,'2025-03-26 22:17:17','2025-03-26 22:17:17'),(88,8,6,'2025-03-26 22:17:17','2025-03-26 22:17:17'),(89,8,8,'2025-03-26 22:17:17','2025-03-26 22:17:17'),(90,8,7,'2025-03-26 22:17:17','2025-03-26 22:17:17'),(91,8,9,'2025-03-26 22:17:17','2025-03-26 22:17:17'),(92,8,1,'2025-03-26 22:17:17','2025-03-26 22:17:17'),(93,8,4,'2025-03-26 22:17:17','2025-03-26 22:17:17'),(94,8,5,'2025-03-26 22:17:17','2025-03-26 22:17:17'),(95,9,10,'2025-03-26 22:17:49','2025-03-26 22:17:49'),(96,9,3,'2025-03-26 22:17:49','2025-03-26 22:17:49'),(97,9,2,'2025-03-26 22:17:49','2025-03-26 22:17:49'),(98,9,6,'2025-03-26 22:17:49','2025-03-26 22:17:49'),(99,9,8,'2025-03-26 22:17:49','2025-03-26 22:17:49'),(100,9,7,'2025-03-26 22:17:49','2025-03-26 22:17:49'),(101,9,9,'2025-03-26 22:17:49','2025-03-26 22:17:49'),(102,9,1,'2025-03-26 22:17:49','2025-03-26 22:17:49'),(103,9,4,'2025-03-26 22:17:49','2025-03-26 22:17:49'),(104,9,5,'2025-03-26 22:17:49','2025-03-26 22:17:49'),(125,11,10,'2025-03-26 22:20:32','2025-03-26 22:20:32'),(126,11,3,'2025-03-26 22:20:32','2025-03-26 22:20:32'),(127,11,2,'2025-03-26 22:20:32','2025-03-26 22:20:32'),(128,11,6,'2025-03-26 22:20:32','2025-03-26 22:20:32'),(129,11,8,'2025-03-26 22:20:32','2025-03-26 22:20:32'),(130,11,7,'2025-03-26 22:20:32','2025-03-26 22:20:32'),(131,11,9,'2025-03-26 22:20:32','2025-03-26 22:20:32'),(132,11,1,'2025-03-26 22:20:32','2025-03-26 22:20:32'),(133,11,4,'2025-03-26 22:20:32','2025-03-26 22:20:32'),(134,11,5,'2025-03-26 22:20:32','2025-03-26 22:20:32'),(135,10,3,'2025-03-26 22:20:47','2025-03-26 22:20:47'),(136,10,10,'2025-03-26 22:20:47','2025-03-26 22:20:47'),(137,10,2,'2025-03-26 22:20:47','2025-03-26 22:20:47'),(138,10,6,'2025-03-26 22:20:47','2025-03-26 22:20:47'),(139,10,8,'2025-03-26 22:20:47','2025-03-26 22:20:47'),(140,10,7,'2025-03-26 22:20:47','2025-03-26 22:20:47'),(141,10,9,'2025-03-26 22:20:47','2025-03-26 22:20:47'),(142,10,1,'2025-03-26 22:20:47','2025-03-26 22:20:47'),(143,10,4,'2025-03-26 22:20:47','2025-03-26 22:20:47'),(144,10,5,'2025-03-26 22:20:47','2025-03-26 22:20:47'),(145,12,10,'2025-03-26 22:22:14','2025-03-26 22:22:14'),(146,12,3,'2025-03-26 22:22:14','2025-03-26 22:22:14'),(147,12,2,'2025-03-26 22:22:14','2025-03-26 22:22:14'),(148,12,6,'2025-03-26 22:22:14','2025-03-26 22:22:14'),(149,12,8,'2025-03-26 22:22:14','2025-03-26 22:22:14'),(150,12,7,'2025-03-26 22:22:14','2025-03-26 22:22:14'),(151,12,9,'2025-03-26 22:22:14','2025-03-26 22:22:14'),(152,12,1,'2025-03-26 22:22:14','2025-03-26 22:22:14'),(153,12,4,'2025-03-26 22:22:14','2025-03-26 22:22:14'),(154,12,5,'2025-03-26 22:22:14','2025-03-26 22:22:14'),(155,13,10,'2025-03-26 22:23:09','2025-03-26 22:23:09'),(156,13,3,'2025-03-26 22:23:09','2025-03-26 22:23:09'),(157,13,2,'2025-03-26 22:23:09','2025-03-26 22:23:09'),(158,13,6,'2025-03-26 22:23:09','2025-03-26 22:23:09'),(159,13,8,'2025-03-26 22:23:09','2025-03-26 22:23:09'),(160,13,7,'2025-03-26 22:23:09','2025-03-26 22:23:09'),(161,13,9,'2025-03-26 22:23:09','2025-03-26 22:23:09'),(162,13,1,'2025-03-26 22:23:09','2025-03-26 22:23:09'),(163,13,4,'2025-03-26 22:23:09','2025-03-26 22:23:09'),(164,13,5,'2025-03-26 22:23:09','2025-03-26 22:23:09'),(165,14,10,'2025-03-26 22:25:08','2025-03-26 22:25:08'),(166,14,3,'2025-03-26 22:25:08','2025-03-26 22:25:08'),(167,14,2,'2025-03-26 22:25:08','2025-03-26 22:25:08'),(168,14,6,'2025-03-26 22:25:08','2025-03-26 22:25:08'),(169,14,8,'2025-03-26 22:25:08','2025-03-26 22:25:08'),(170,14,7,'2025-03-26 22:25:08','2025-03-26 22:25:08'),(171,14,9,'2025-03-26 22:25:08','2025-03-26 22:25:08'),(172,14,1,'2025-03-26 22:25:08','2025-03-26 22:25:08'),(173,14,4,'2025-03-26 22:25:08','2025-03-26 22:25:08'),(174,14,5,'2025-03-26 22:25:08','2025-03-26 22:25:08'),(175,15,6,'2025-03-26 22:26:38','2025-03-26 22:26:38'),(176,15,8,'2025-03-26 22:26:38','2025-03-26 22:26:38'),(177,15,7,'2025-03-26 22:26:38','2025-03-26 22:26:38'),(178,15,9,'2025-03-26 22:26:38','2025-03-26 22:26:38'),(179,15,2,'2025-03-26 22:26:38','2025-03-26 22:26:38'),(180,15,3,'2025-03-26 22:26:38','2025-03-26 22:26:38'),(181,15,10,'2025-03-26 22:26:38','2025-03-26 22:26:38'),(182,15,1,'2025-03-26 22:26:38','2025-03-26 22:26:38'),(183,15,4,'2025-03-26 22:26:38','2025-03-26 22:26:38'),(184,15,5,'2025-03-26 22:26:38','2025-03-26 22:26:38'),(185,16,8,'2025-03-26 22:27:51','2025-03-26 22:27:51'),(186,16,10,'2025-03-26 22:27:51','2025-03-26 22:27:51'),(187,16,3,'2025-03-26 22:27:51','2025-03-26 22:27:51'),(188,16,2,'2025-03-26 22:27:51','2025-03-26 22:27:51'),(189,16,6,'2025-03-26 22:27:51','2025-03-26 22:27:51'),(190,16,7,'2025-03-26 22:27:51','2025-03-26 22:27:51'),(191,16,9,'2025-03-26 22:27:51','2025-03-26 22:27:51'),(192,16,1,'2025-03-26 22:27:51','2025-03-26 22:27:51'),(193,16,4,'2025-03-26 22:27:51','2025-03-26 22:27:51'),(194,16,5,'2025-03-26 22:27:51','2025-03-26 22:27:51'),(195,17,2,'2025-03-26 22:30:21','2025-03-26 22:30:21'),(196,17,6,'2025-03-26 22:30:21','2025-03-26 22:30:21'),(197,17,3,'2025-03-26 22:30:21','2025-03-26 22:30:21'),(198,17,10,'2025-03-26 22:30:21','2025-03-26 22:30:21'),(199,17,8,'2025-03-26 22:30:21','2025-03-26 22:30:21'),(200,17,7,'2025-03-26 22:30:21','2025-03-26 22:30:21'),(201,17,9,'2025-03-26 22:30:21','2025-03-26 22:30:21'),(202,17,1,'2025-03-26 22:30:21','2025-03-26 22:30:21'),(203,17,4,'2025-03-26 22:30:21','2025-03-26 22:30:21'),(204,17,5,'2025-03-26 22:30:21','2025-03-26 22:30:21'),(205,18,10,'2025-03-26 22:31:00','2025-03-26 22:31:00'),(206,18,3,'2025-03-26 22:31:00','2025-03-26 22:31:00'),(207,18,2,'2025-03-26 22:31:00','2025-03-26 22:31:00'),(208,18,6,'2025-03-26 22:31:00','2025-03-26 22:31:00'),(209,18,8,'2025-03-26 22:31:00','2025-03-26 22:31:00'),(210,18,7,'2025-03-26 22:31:00','2025-03-26 22:31:00'),(211,18,9,'2025-03-26 22:31:00','2025-03-26 22:31:00'),(212,18,1,'2025-03-26 22:31:00','2025-03-26 22:31:00'),(213,18,4,'2025-03-26 22:31:00','2025-03-26 22:31:00'),(214,18,5,'2025-03-26 22:31:00','2025-03-26 22:31:00'),(215,19,10,'2025-03-26 22:31:48','2025-03-26 22:31:48'),(216,19,3,'2025-03-26 22:31:48','2025-03-26 22:31:48'),(217,19,2,'2025-03-26 22:31:48','2025-03-26 22:31:48'),(218,19,6,'2025-03-26 22:31:48','2025-03-26 22:31:48'),(219,19,8,'2025-03-26 22:31:48','2025-03-26 22:31:48'),(220,19,7,'2025-03-26 22:31:48','2025-03-26 22:31:48'),(221,19,9,'2025-03-26 22:31:48','2025-03-26 22:31:48'),(222,19,1,'2025-03-26 22:31:48','2025-03-26 22:31:48'),(223,19,4,'2025-03-26 22:31:48','2025-03-26 22:31:48'),(224,19,5,'2025-03-26 22:31:48','2025-03-26 22:31:48'),(235,20,10,'2025-03-26 22:36:29','2025-03-26 22:36:29'),(236,20,3,'2025-03-26 22:36:29','2025-03-26 22:36:29'),(237,20,2,'2025-03-26 22:36:29','2025-03-26 22:36:29'),(238,20,6,'2025-03-26 22:36:29','2025-03-26 22:36:29'),(239,20,8,'2025-03-26 22:36:29','2025-03-26 22:36:29'),(240,20,7,'2025-03-26 22:36:29','2025-03-26 22:36:29'),(241,20,9,'2025-03-26 22:36:29','2025-03-26 22:36:29'),(242,20,1,'2025-03-26 22:36:29','2025-03-26 22:36:29'),(243,20,4,'2025-03-26 22:36:29','2025-03-26 22:36:29'),(244,20,5,'2025-03-26 22:36:29','2025-03-26 22:36:29'),(245,21,6,'2025-03-26 22:37:26','2025-03-26 22:37:26'),(246,21,2,'2025-03-26 22:37:26','2025-03-26 22:37:26'),(247,21,3,'2025-03-26 22:37:26','2025-03-26 22:37:26'),(248,21,10,'2025-03-26 22:37:26','2025-03-26 22:37:26'),(249,21,8,'2025-03-26 22:37:26','2025-03-26 22:37:26'),(250,21,7,'2025-03-26 22:37:26','2025-03-26 22:37:26'),(251,21,9,'2025-03-26 22:37:26','2025-03-26 22:37:26'),(252,21,1,'2025-03-26 22:37:26','2025-03-26 22:37:26'),(253,21,4,'2025-03-26 22:37:26','2025-03-26 22:37:26'),(254,21,5,'2025-03-26 22:37:26','2025-03-26 22:37:26'),(255,22,10,'2025-03-26 22:59:21','2025-03-26 22:59:21'),(256,22,3,'2025-03-26 22:59:21','2025-03-26 22:59:21'),(257,22,2,'2025-03-26 22:59:21','2025-03-26 22:59:21'),(258,22,6,'2025-03-26 22:59:21','2025-03-26 22:59:21'),(259,22,8,'2025-03-26 22:59:21','2025-03-26 22:59:21'),(260,22,7,'2025-03-26 22:59:21','2025-03-26 22:59:21'),(261,22,9,'2025-03-26 22:59:21','2025-03-26 22:59:21'),(262,22,1,'2025-03-26 22:59:21','2025-03-26 22:59:21'),(263,22,4,'2025-03-26 22:59:21','2025-03-26 22:59:21'),(264,22,5,'2025-03-26 22:59:21','2025-03-26 22:59:21'),(265,23,10,'2025-03-26 23:03:05','2025-03-26 23:03:05'),(266,23,3,'2025-03-26 23:03:05','2025-03-26 23:03:05'),(267,23,2,'2025-03-26 23:03:05','2025-03-26 23:03:05'),(268,23,6,'2025-03-26 23:03:05','2025-03-26 23:03:05'),(269,23,8,'2025-03-26 23:03:05','2025-03-26 23:03:05'),(270,23,7,'2025-03-26 23:03:05','2025-03-26 23:03:05'),(271,23,9,'2025-03-26 23:03:05','2025-03-26 23:03:05'),(272,23,1,'2025-03-26 23:03:05','2025-03-26 23:03:05'),(273,23,4,'2025-03-26 23:03:05','2025-03-26 23:03:05'),(274,23,5,'2025-03-26 23:03:05','2025-03-26 23:03:05'),(275,24,10,'2025-03-26 23:04:24','2025-03-26 23:04:24'),(276,24,3,'2025-03-26 23:04:24','2025-03-26 23:04:24'),(277,24,2,'2025-03-26 23:04:24','2025-03-26 23:04:24'),(278,24,6,'2025-03-26 23:04:24','2025-03-26 23:04:24'),(279,24,8,'2025-03-26 23:04:24','2025-03-26 23:04:24'),(280,24,7,'2025-03-26 23:04:24','2025-03-26 23:04:24'),(281,24,9,'2025-03-26 23:04:24','2025-03-26 23:04:24'),(282,24,1,'2025-03-26 23:04:24','2025-03-26 23:04:24'),(283,24,4,'2025-03-26 23:04:24','2025-03-26 23:04:24'),(284,24,5,'2025-03-26 23:04:24','2025-03-26 23:04:24'),(285,25,10,'2025-03-26 23:05:20','2025-03-26 23:05:20'),(286,25,3,'2025-03-26 23:05:20','2025-03-26 23:05:20'),(287,25,2,'2025-03-26 23:05:20','2025-03-26 23:05:20'),(288,25,6,'2025-03-26 23:05:20','2025-03-26 23:05:20'),(289,25,8,'2025-03-26 23:05:20','2025-03-26 23:05:20'),(290,25,7,'2025-03-26 23:05:20','2025-03-26 23:05:20'),(291,25,9,'2025-03-26 23:05:20','2025-03-26 23:05:20'),(292,25,1,'2025-03-26 23:05:20','2025-03-26 23:05:20'),(293,25,4,'2025-03-26 23:05:20','2025-03-26 23:05:20'),(294,25,5,'2025-03-26 23:05:20','2025-03-26 23:05:20'),(295,26,10,'2025-03-26 23:06:09','2025-03-26 23:06:09'),(296,26,3,'2025-03-26 23:06:09','2025-03-26 23:06:09'),(297,26,2,'2025-03-26 23:06:09','2025-03-26 23:06:09'),(298,26,6,'2025-03-26 23:06:09','2025-03-26 23:06:09'),(299,26,8,'2025-03-26 23:06:09','2025-03-26 23:06:09'),(300,26,7,'2025-03-26 23:06:09','2025-03-26 23:06:09'),(301,26,9,'2025-03-26 23:06:09','2025-03-26 23:06:09'),(302,26,1,'2025-03-26 23:06:09','2025-03-26 23:06:09'),(303,26,4,'2025-03-26 23:06:09','2025-03-26 23:06:09'),(304,26,5,'2025-03-26 23:06:09','2025-03-26 23:06:09'),(305,27,10,'2025-03-26 23:09:01','2025-03-26 23:09:01'),(306,27,3,'2025-03-26 23:09:01','2025-03-26 23:09:01'),(307,27,2,'2025-03-26 23:09:01','2025-03-26 23:09:01'),(308,27,6,'2025-03-26 23:09:01','2025-03-26 23:09:01'),(309,27,8,'2025-03-26 23:09:01','2025-03-26 23:09:01'),(310,27,7,'2025-03-26 23:09:01','2025-03-26 23:09:01'),(311,27,9,'2025-03-26 23:09:01','2025-03-26 23:09:01'),(312,27,1,'2025-03-26 23:09:01','2025-03-26 23:09:01'),(313,27,4,'2025-03-26 23:09:01','2025-03-26 23:09:01'),(314,27,5,'2025-03-26 23:09:01','2025-03-26 23:09:01'),(315,28,10,'2025-03-26 23:10:22','2025-03-26 23:10:22'),(316,28,3,'2025-03-26 23:10:22','2025-03-26 23:10:22'),(317,28,2,'2025-03-26 23:10:22','2025-03-26 23:10:22'),(318,28,6,'2025-03-26 23:10:22','2025-03-26 23:10:22'),(319,28,8,'2025-03-26 23:10:22','2025-03-26 23:10:22'),(320,28,7,'2025-03-26 23:10:22','2025-03-26 23:10:22'),(321,28,9,'2025-03-26 23:10:22','2025-03-26 23:10:22'),(322,28,1,'2025-03-26 23:10:22','2025-03-26 23:10:22'),(323,28,4,'2025-03-26 23:10:22','2025-03-26 23:10:22'),(324,28,5,'2025-03-26 23:10:22','2025-03-26 23:10:22'),(325,29,10,'2025-03-26 23:11:25','2025-03-26 23:11:25'),(326,29,3,'2025-03-26 23:11:25','2025-03-26 23:11:25'),(327,29,2,'2025-03-26 23:11:25','2025-03-26 23:11:25'),(328,29,6,'2025-03-26 23:11:25','2025-03-26 23:11:25'),(329,29,8,'2025-03-26 23:11:25','2025-03-26 23:11:25'),(330,29,7,'2025-03-26 23:11:25','2025-03-26 23:11:25'),(331,29,9,'2025-03-26 23:11:25','2025-03-26 23:11:25'),(332,29,1,'2025-03-26 23:11:25','2025-03-26 23:11:25'),(333,29,4,'2025-03-26 23:11:25','2025-03-26 23:11:25'),(334,29,5,'2025-03-26 23:11:25','2025-03-26 23:11:25'),(335,30,10,'2025-03-26 23:14:38','2025-03-26 23:14:38'),(336,30,3,'2025-03-26 23:14:38','2025-03-26 23:14:38'),(337,30,2,'2025-03-26 23:14:38','2025-03-26 23:14:38'),(338,30,6,'2025-03-26 23:14:38','2025-03-26 23:14:38'),(339,30,8,'2025-03-26 23:14:38','2025-03-26 23:14:38'),(340,30,7,'2025-03-26 23:14:38','2025-03-26 23:14:38'),(341,30,9,'2025-03-26 23:14:38','2025-03-26 23:14:38'),(342,30,1,'2025-03-26 23:14:38','2025-03-26 23:14:38'),(343,30,4,'2025-03-26 23:14:38','2025-03-26 23:14:38'),(344,30,5,'2025-03-26 23:14:38','2025-03-26 23:14:38'),(345,31,8,'2025-03-26 23:15:41','2025-03-26 23:15:41'),(346,31,10,'2025-03-26 23:15:41','2025-03-26 23:15:41'),(347,31,3,'2025-03-26 23:15:41','2025-03-26 23:15:41'),(348,31,2,'2025-03-26 23:15:41','2025-03-26 23:15:41'),(349,31,7,'2025-03-26 23:15:41','2025-03-26 23:15:41'),(350,31,9,'2025-03-26 23:15:41','2025-03-26 23:15:41'),(351,31,1,'2025-03-26 23:15:41','2025-03-26 23:15:41'),(352,31,4,'2025-03-26 23:15:41','2025-03-26 23:15:41'),(353,31,5,'2025-03-26 23:15:41','2025-03-26 23:15:41'),(354,31,6,'2025-03-26 23:15:41','2025-03-26 23:15:41'),(355,32,6,'2025-03-26 23:16:51','2025-03-26 23:16:51'),(356,32,2,'2025-03-26 23:16:51','2025-03-26 23:16:51'),(357,32,3,'2025-03-26 23:16:51','2025-03-26 23:16:51'),(358,32,10,'2025-03-26 23:16:51','2025-03-26 23:16:51'),(359,32,8,'2025-03-26 23:16:51','2025-03-26 23:16:51'),(360,32,7,'2025-03-26 23:16:51','2025-03-26 23:16:51'),(361,32,9,'2025-03-26 23:16:51','2025-03-26 23:16:51'),(362,32,1,'2025-03-26 23:16:51','2025-03-26 23:16:51'),(363,32,4,'2025-03-26 23:16:51','2025-03-26 23:16:51'),(364,32,5,'2025-03-26 23:16:51','2025-03-26 23:16:51'),(365,33,10,'2025-03-26 23:32:30','2025-03-26 23:32:30'),(366,33,3,'2025-03-26 23:32:30','2025-03-26 23:32:30'),(367,33,2,'2025-03-26 23:32:30','2025-03-26 23:32:30'),(368,33,6,'2025-03-26 23:32:30','2025-03-26 23:32:30'),(369,33,8,'2025-03-26 23:32:30','2025-03-26 23:32:30'),(370,33,7,'2025-03-26 23:32:30','2025-03-26 23:32:30'),(371,33,9,'2025-03-26 23:32:30','2025-03-26 23:32:30'),(372,33,1,'2025-03-26 23:32:30','2025-03-26 23:32:30'),(373,33,4,'2025-03-26 23:32:30','2025-03-26 23:32:30'),(374,33,5,'2025-03-26 23:32:30','2025-03-26 23:32:30'),(375,34,10,'2025-03-26 23:33:21','2025-03-26 23:33:21'),(376,34,3,'2025-03-26 23:33:21','2025-03-26 23:33:21'),(377,34,2,'2025-03-26 23:33:21','2025-03-26 23:33:21'),(378,34,6,'2025-03-26 23:33:21','2025-03-26 23:33:21'),(379,34,8,'2025-03-26 23:33:21','2025-03-26 23:33:21'),(380,34,7,'2025-03-26 23:33:21','2025-03-26 23:33:21'),(381,34,9,'2025-03-26 23:33:21','2025-03-26 23:33:21'),(382,34,1,'2025-03-26 23:33:21','2025-03-26 23:33:21'),(383,34,4,'2025-03-26 23:33:21','2025-03-26 23:33:21'),(384,34,5,'2025-03-26 23:33:21','2025-03-26 23:33:21'),(385,35,8,'2025-03-26 23:34:24','2025-03-26 23:34:24'),(386,35,10,'2025-03-26 23:34:24','2025-03-26 23:34:24'),(387,35,3,'2025-03-26 23:34:24','2025-03-26 23:34:24'),(388,35,2,'2025-03-26 23:34:24','2025-03-26 23:34:24'),(389,35,6,'2025-03-26 23:34:24','2025-03-26 23:34:24'),(390,35,7,'2025-03-26 23:34:24','2025-03-26 23:34:24'),(391,35,9,'2025-03-26 23:34:24','2025-03-26 23:34:24'),(392,35,1,'2025-03-26 23:34:24','2025-03-26 23:34:24'),(393,35,4,'2025-03-26 23:34:24','2025-03-26 23:34:24'),(394,35,5,'2025-03-26 23:34:24','2025-03-26 23:34:24'),(395,36,10,'2025-03-26 23:37:04','2025-03-26 23:37:04'),(396,36,3,'2025-03-26 23:37:04','2025-03-26 23:37:04'),(397,36,2,'2025-03-26 23:37:04','2025-03-26 23:37:04'),(398,36,6,'2025-03-26 23:37:04','2025-03-26 23:37:04'),(399,36,8,'2025-03-26 23:37:04','2025-03-26 23:37:04'),(400,36,7,'2025-03-26 23:37:04','2025-03-26 23:37:04'),(401,36,9,'2025-03-26 23:37:04','2025-03-26 23:37:04'),(402,36,1,'2025-03-26 23:37:04','2025-03-26 23:37:04'),(403,36,4,'2025-03-26 23:37:04','2025-03-26 23:37:04'),(404,36,5,'2025-03-26 23:37:04','2025-03-26 23:37:04'),(405,37,8,'2025-03-26 23:45:52','2025-03-26 23:45:52'),(406,37,3,'2025-03-26 23:45:52','2025-03-26 23:45:52'),(407,37,2,'2025-03-26 23:45:52','2025-03-26 23:45:52'),(408,37,10,'2025-03-26 23:45:52','2025-03-26 23:45:52'),(409,37,6,'2025-03-26 23:45:52','2025-03-26 23:45:52'),(410,37,7,'2025-03-26 23:45:52','2025-03-26 23:45:52'),(411,37,9,'2025-03-26 23:45:52','2025-03-26 23:45:52'),(412,37,1,'2025-03-26 23:45:52','2025-03-26 23:45:52'),(413,37,4,'2025-03-26 23:45:52','2025-03-26 23:45:52'),(414,37,5,'2025-03-26 23:45:52','2025-03-26 23:45:52'),(422,39,6,'2025-08-21 19:12:23','2025-08-21 19:12:23'),(423,39,12,'2025-08-21 19:12:23','2025-08-21 19:12:23'),(424,38,4,'2025-08-21 19:14:44','2025-08-21 19:14:44'),(425,38,6,'2025-08-21 19:14:44','2025-08-21 19:14:44'),(426,38,12,'2025-08-21 19:14:44','2025-08-21 19:14:44'),(427,38,11,'2025-08-21 19:14:44','2025-08-21 19:14:44'),(428,38,1,'2025-08-21 19:14:44','2025-08-21 19:14:44'),(429,38,9,'2025-08-21 19:14:44','2025-08-21 19:14:44'),(430,38,8,'2025-08-21 19:14:44','2025-08-21 19:14:44'),(431,38,10,'2025-08-21 19:14:44','2025-08-21 19:14:44'),(432,38,3,'2025-08-21 19:14:44','2025-08-21 19:14:44'),(433,38,2,'2025-08-21 19:14:44','2025-08-21 19:14:44'),(434,38,7,'2025-08-21 19:14:44','2025-08-21 19:14:44'),(435,2,6,'2025-08-21 19:15:08','2025-08-21 19:15:08'),(436,2,2,'2025-08-21 19:15:08','2025-08-21 19:15:08'),(437,2,3,'2025-08-21 19:15:08','2025-08-21 19:15:08'),(438,2,10,'2025-08-21 19:15:08','2025-08-21 19:15:08'),(439,2,8,'2025-08-21 19:15:08','2025-08-21 19:15:08'),(440,2,7,'2025-08-21 19:15:08','2025-08-21 19:15:08'),(441,2,9,'2025-08-21 19:15:08','2025-08-21 19:15:08'),(442,2,1,'2025-08-21 19:15:08','2025-08-21 19:15:08'),(443,2,4,'2025-08-21 19:15:08','2025-08-21 19:15:08'),(444,2,5,'2025-08-21 19:15:08','2025-08-21 19:15:08'),(445,2,11,'2025-08-21 19:15:08','2025-08-21 19:15:08'),(446,40,6,'2025-08-21 19:57:46','2025-08-21 19:57:46'),(447,40,2,'2025-08-21 19:57:46','2025-08-21 19:57:46'),(448,40,3,'2025-08-21 19:57:46','2025-08-21 19:57:46'),(449,40,10,'2025-08-21 19:57:46','2025-08-21 19:57:46'),(450,40,8,'2025-08-21 19:57:46','2025-08-21 19:57:46'),(451,40,7,'2025-08-21 19:57:46','2025-08-21 19:57:46'),(452,40,9,'2025-08-21 19:57:46','2025-08-21 19:57:46'),(453,40,1,'2025-08-21 19:57:46','2025-08-21 19:57:46'),(454,40,4,'2025-08-21 19:57:46','2025-08-21 19:57:46'),(455,40,12,'2025-08-21 19:57:46','2025-08-21 19:57:46'),(456,40,11,'2025-08-21 19:57:46','2025-08-21 19:57:46'),(457,40,5,'2025-08-21 19:57:46','2025-08-21 19:57:46'),(458,41,6,'2025-08-21 20:04:18','2025-08-21 20:04:18'),(459,41,2,'2025-08-21 20:04:18','2025-08-21 20:04:18'),(460,41,10,'2025-08-21 20:04:18','2025-08-21 20:04:18'),(461,41,8,'2025-08-21 20:04:18','2025-08-21 20:04:18'),(462,41,7,'2025-08-21 20:04:18','2025-08-21 20:04:18'),(463,41,11,'2025-08-21 20:04:18','2025-08-21 20:04:18'),(464,41,12,'2025-08-21 20:04:18','2025-08-21 20:04:18'),(465,41,4,'2025-08-21 20:04:18','2025-08-21 20:04:18'),(466,41,1,'2025-08-21 20:04:18','2025-08-21 20:04:18'),(467,41,9,'2025-08-21 20:04:18','2025-08-21 20:04:18'),(468,42,6,'2025-08-21 20:20:55','2025-08-21 20:20:55'),(469,42,2,'2025-08-21 20:20:55','2025-08-21 20:20:55'),(470,42,3,'2025-08-21 20:20:55','2025-08-21 20:20:55'),(471,42,8,'2025-08-21 20:20:55','2025-08-21 20:20:55'),(472,42,9,'2025-08-21 20:20:55','2025-08-21 20:20:55'),(473,42,1,'2025-08-21 20:20:55','2025-08-21 20:20:55'),(474,42,11,'2025-08-21 20:20:55','2025-08-21 20:20:55'),(475,42,5,'2025-08-21 20:20:55','2025-08-21 20:20:55'),(476,42,4,'2025-08-21 20:20:55','2025-08-21 20:20:55'),(477,42,7,'2025-08-21 20:20:55','2025-08-21 20:20:55'),(478,43,5,'2025-08-21 20:25:54','2025-08-21 20:25:54'),(479,43,6,'2025-08-21 20:25:54','2025-08-21 20:25:54'),(480,43,2,'2025-08-21 20:25:54','2025-08-21 20:25:54'),(481,43,3,'2025-08-21 20:25:54','2025-08-21 20:25:54'),(482,43,10,'2025-08-21 20:25:54','2025-08-21 20:25:54'),(483,43,8,'2025-08-21 20:25:54','2025-08-21 20:25:54'),(484,43,7,'2025-08-21 20:25:54','2025-08-21 20:25:54'),(485,43,9,'2025-08-21 20:25:54','2025-08-21 20:25:54'),(486,43,1,'2025-08-21 20:25:54','2025-08-21 20:25:54'),(487,43,4,'2025-08-21 20:25:54','2025-08-21 20:25:54'),(488,43,12,'2025-08-21 20:25:54','2025-08-21 20:25:54');
/*!40000 ALTER TABLE `pergunta_tipo_empreendimento` ENABLE KEYS */;
UNLOCK TABLES;

--
-- Table structure for table `pergunta_topico`
--

DROP TABLE IF EXISTS `pergunta_topico`;
/*!40101 SET @saved_cs_client     = @@character_set_client */;
/*!50503 SET character_set_client = utf8mb4 */;
CREATE TABLE `pergunta_topico` (
  `id` bigint(20) unsigned NOT NULL AUTO_INCREMENT,
  `pergunta_id` bigint(20) unsigned NOT NULL,
  `topico_id` bigint(20) unsigned NOT NULL,
  `created_at` timestamp NULL DEFAULT NULL,
  `updated_at` timestamp NULL DEFAULT NULL,
  PRIMARY KEY (`id`),
  KEY `pergunta_topico_pergunta_id_foreign` (`pergunta_id`),
  KEY `pergunta_topico_topico_id_foreign` (`topico_id`),
  CONSTRAINT `pergunta_topico_pergunta_id_foreign` FOREIGN KEY (`pergunta_id`) REFERENCES `perguntas` (`id`),
  CONSTRAINT `pergunta_topico_topico_id_foreign` FOREIGN KEY (`topico_id`) REFERENCES `topicos` (`id`)
) ENGINE=InnoDB AUTO_INCREMENT=61 DEFAULT CHARSET=utf8mb4 COLLATE=utf8mb4_unicode_ci;
/*!40101 SET character_set_client = @saved_cs_client */;

--
-- Dumping data for table `pergunta_topico`
--

LOCK TABLES `pergunta_topico` WRITE;
/*!40000 ALTER TABLE `pergunta_topico` DISABLE KEYS */;
INSERT INTO `pergunta_topico` VALUES (3,1,1,'2025-03-26 20:35:27','2025-03-26 20:35:27'),(6,3,1,'2025-03-26 21:37:38','2025-03-26 21:37:38'),(7,4,2,'2025-03-26 21:55:13','2025-03-26 21:55:13'),(8,5,3,'2025-03-26 21:56:53','2025-03-26 21:56:53'),(9,6,4,'2025-03-26 22:14:36','2025-03-26 22:14:36'),(10,7,4,'2025-03-26 22:15:36','2025-03-26 22:15:36'),(11,8,4,'2025-03-26 22:17:17','2025-03-26 22:17:17'),(12,9,4,'2025-03-26 22:17:49','2025-03-26 22:17:49'),(15,11,6,'2025-03-26 22:20:32','2025-03-26 22:20:32'),(16,10,4,'2025-03-26 22:20:47','2025-03-26 22:20:47'),(17,12,8,'2025-03-26 22:22:14','2025-03-26 22:22:14'),(18,13,8,'2025-03-26 22:23:09','2025-03-26 22:23:09'),(19,14,9,'2025-03-26 22:25:08','2025-03-26 22:25:08'),(20,15,9,'2025-03-26 22:26:38','2025-03-26 22:26:38'),(21,16,9,'2025-03-26 22:27:51','2025-03-26 22:27:51'),(22,17,10,'2025-03-26 22:30:21','2025-03-26 22:30:21'),(23,18,10,'2025-03-26 22:31:00','2025-03-26 22:31:00'),(24,19,10,'2025-03-26 22:31:48','2025-03-26 22:31:48'),(26,20,10,'2025-03-26 22:36:29','2025-03-26 22:36:29'),(27,21,11,'2025-03-26 22:37:26','2025-03-26 22:37:26'),(28,22,11,'2025-03-26 22:59:21','2025-03-26 22:59:21'),(29,23,12,'2025-03-26 23:03:05','2025-03-26 23:03:05'),(30,24,13,'2025-03-26 23:04:24','2025-03-26 23:04:24'),(31,25,13,'2025-03-26 23:05:20','2025-03-26 23:05:20'),(32,26,13,'2025-03-26 23:06:09','2025-03-26 23:06:09'),(33,27,13,'2025-03-26 23:09:01','2025-03-26 23:09:01'),(34,28,13,'2025-03-26 23:10:22','2025-03-26 23:10:22'),(35,29,14,'2025-03-26 23:11:25','2025-03-26 23:11:25'),(36,30,14,'2025-03-26 23:14:38','2025-03-26 23:14:38'),(37,31,10,'2025-03-26 23:15:41','2025-03-26 23:15:41'),(38,32,10,'2025-03-26 23:16:51','2025-03-26 23:16:51'),(39,33,10,'2025-03-26 23:32:30','2025-03-26 23:32:30'),(40,34,10,'2025-03-26 23:33:21','2025-03-26 23:33:21'),(41,35,10,'2025-03-26 23:34:24','2025-03-26 23:34:24'),(42,36,4,'2025-03-26 23:37:04','2025-03-26 23:37:04'),(43,37,6,'2025-03-26 23:45:52','2025-03-26 23:45:52'),(50,39,2,'2025-08-21 19:12:23','2025-08-21 19:12:23'),(51,39,1,'2025-08-21 19:12:23','2025-08-21 19:12:23'),(52,38,10,'2025-08-21 19:14:44','2025-08-21 19:14:44'),(53,38,16,'2025-08-21 19:14:44','2025-08-21 19:14:44'),(54,2,1,'2025-08-21 19:15:08','2025-08-21 19:15:08'),(55,40,10,'2025-08-21 19:57:46','2025-08-21 19:57:46'),(56,40,35,'2025-08-21 19:57:46','2025-08-21 19:57:46'),(57,41,2,'2025-08-21 20:04:18','2025-08-21 20:04:18'),(58,41,10,'2025-08-21 20:04:18','2025-08-21 20:04:18'),(59,42,10,'2025-08-21 20:20:55','2025-08-21 20:20:55'),(60,43,4,'2025-08-21 20:25:54','2025-08-21 20:25:54');
/*!40000 ALTER TABLE `pergunta_topico` ENABLE KEYS */;
UNLOCK TABLES;

--
-- Table structure for table `perguntas`
--

DROP TABLE IF EXISTS `perguntas`;
/*!40101 SET @saved_cs_client     = @@character_set_client */;
/*!50503 SET character_set_client = utf8mb4 */;
CREATE TABLE `perguntas` (
  `id` bigint(20) unsigned NOT NULL AUTO_INCREMENT,
  `titulo` text COLLATE utf8mb4_unicode_ci NOT NULL,
  `ativo` tinyint(1) NOT NULL DEFAULT '1',
  `data_cadastro` datetime NOT NULL DEFAULT '2025-03-09 15:11:23',
  `tematica_id` bigint(20) unsigned NOT NULL,
  `created_at` timestamp NULL DEFAULT NULL,
  `updated_at` timestamp NULL DEFAULT NULL,
  PRIMARY KEY (`id`),
  KEY `perguntas_tematica_id_foreign` (`tematica_id`),
  CONSTRAINT `perguntas_tematica_id_foreign` FOREIGN KEY (`tematica_id`) REFERENCES `tematicas` (`id`)
) ENGINE=InnoDB AUTO_INCREMENT=44 DEFAULT CHARSET=utf8mb4 COLLATE=utf8mb4_unicode_ci;
/*!40101 SET character_set_client = @saved_cs_client */;

--
-- Dumping data for table `perguntas`
--

LOCK TABLES `perguntas` WRITE;
/*!40000 ALTER TABLE `perguntas` DISABLE KEYS */;
INSERT INTO `perguntas` VALUES (1,'Existe barreira perimetral em todo o perímetro da unidade ?',1,'2025-03-09 15:11:23',1,'2025-03-25 00:41:10','2025-03-26 20:35:27'),(2,'A barreira perimetral está em bom estado de conservação?',1,'2025-03-09 15:11:23',1,'2025-03-26 20:37:19','2025-08-21 19:15:08'),(3,'O perímetro está afastado de meios que possam facilitar a invasão à propriedade (árvores, construções, terrenos vazios, etc)?',1,'2025-03-09 15:11:23',1,'2025-03-26 20:38:39','2025-03-26 21:37:37'),(4,'Existe barreira física para mitigar o risco de intrusão forçada no perímetro?',1,'2025-03-09 15:11:23',1,'2025-03-26 21:55:13','2025-03-26 21:55:13'),(5,'O perímetro possui algum tipo de sistema de detecção contra intrusão em funcionamento (cerca elétrica, sensores e etc)?',1,'2025-03-09 15:11:23',1,'2025-03-26 21:56:53','2025-03-26 21:56:53'),(6,'Existe monitoramento de imagens no perímetro da unidade? (câmeras de CFTV)',1,'2025-03-09 15:11:23',1,'2025-03-26 22:14:36','2025-03-26 22:14:36'),(7,'O número de câmeras é suficiente?',1,'2025-03-09 15:11:23',1,'2025-03-26 22:15:36','2025-03-26 22:15:36'),(8,'As Câmeras estão bem posicionadas?',1,'2025-03-09 15:11:23',1,'2025-03-26 22:17:17','2025-03-26 22:17:17'),(9,'As câmeras estão bem posicionadas?',1,'2025-03-09 15:11:23',1,'2025-03-26 22:17:49','2025-03-26 22:17:49'),(10,'As imagens diurnas e noturnas do perímetro são de boa qualidade?',1,'2025-03-09 15:11:23',1,'2025-03-26 22:19:04','2025-03-26 22:20:47'),(11,'O perímetro possui iluminação com foco nas operações de segurança?',1,'2025-03-09 15:11:23',1,'2025-03-26 22:20:32','2025-03-26 22:20:32'),(12,'Está sendo realizada ronda perimetral na unidade?',1,'2025-03-09 15:11:23',2,'2025-03-26 22:22:14','2025-03-26 22:22:14'),(13,'A ronda perimetral é realizada com o apoio de sistema de verificação eletrônico (bastão de ronda)?',1,'2025-03-09 15:11:23',4,'2025-03-26 22:23:09','2025-03-26 22:23:09'),(14,'O local conta com uma portaria (individualizada/exclusiva) para cadastramento de visitantes/prestadores?',1,'2025-03-09 15:11:23',3,'2025-03-26 22:25:08','2025-03-26 22:25:08'),(15,'A estrutura da portaria e ou guarita é adequada? (portas e vidros blindados, passa-volumes, etc)',1,'2025-03-09 15:11:23',1,'2025-03-26 22:26:38','2025-03-26 22:26:38'),(16,'O acesso à portaria é controlado (apenas pessoas autorizadas)?',1,'2025-03-09 15:11:23',1,'2025-03-26 22:27:51','2025-03-26 22:27:51'),(17,'Todo visitante/prestador é registrado em sistema?',1,'2025-03-09 15:11:23',1,'2025-03-26 22:30:21','2025-03-26 22:30:21'),(18,'Todos os visitantes e terceiros recebem crachá e acessam pela catraca?',1,'2025-03-09 15:11:23',4,'2025-03-26 22:31:00','2025-03-26 22:31:00'),(19,'Equipe de segurança está realizando a verificação de autorização do visitante e prestador?',1,'2025-03-09 15:11:23',3,'2025-03-26 22:31:48','2025-03-26 22:31:48'),(20,'Visitante e prestador acessam a unidade apenas acompanhados pelo visitado?',1,'2025-03-09 15:11:23',3,'2025-03-26 22:35:10','2025-03-26 22:36:29'),(21,'Existe botão de emergência fixo na portaria?',1,'2025-03-09 15:11:23',3,'2025-03-26 22:37:26','2025-03-26 22:37:26'),(22,'Existe procedimento para acionamento do botão de emergência?',1,'2025-03-09 15:11:23',3,'2025-03-26 22:59:21','2025-03-26 22:59:21'),(23,'Os porteiros ou controladores de acesso estão atuando conforme atribuições acordadas em contrato? (verificar se estão executando procedimento restrito apenas para vigilantes)',1,'2025-03-09 15:11:23',2,'2025-03-26 23:03:05','2025-03-26 23:03:05'),(24,'Os agentes da recepção possuem treinamento?',1,'2025-03-09 15:11:23',3,'2025-03-26 23:04:24','2025-03-26 23:04:24'),(25,'A reciclagem do treinamento é realizada no mínimo duas vezes por ano?',1,'2025-03-09 15:11:23',3,'2025-03-26 23:05:20','2025-03-26 23:05:20'),(26,'Os agentes da recepção receberam treinamento contra incêndio?',1,'2025-03-09 15:11:23',2,'2025-03-26 23:06:09','2025-03-26 23:06:09'),(27,'Os agentes da recepção estão devidamente uniformizados?',1,'2025-03-09 15:11:23',3,'2025-03-26 23:09:01','2025-03-26 23:09:01'),(28,'A unidade possui uma liderança de recepção?',1,'2025-03-09 15:11:23',2,'2025-03-26 23:10:22','2025-03-26 23:10:22'),(29,'Os agentes de recepção possuem acesso aos procedimentos de segurança da unidade?',1,'2025-03-09 15:11:23',3,'2025-03-26 23:11:25','2025-03-26 23:11:25'),(30,'Os postos estão sendo rendidos corretamente, garantindo que o local não fique descoberto?',1,'2025-03-09 15:11:23',2,'2025-03-26 23:14:38','2025-03-26 23:14:38'),(31,'Todos os acessos de pedestre da unidade possuem catracas? (verificar entradas com fluxo de pessoas que burlem o sistema, ex: acesso RH)',1,'2025-03-09 15:11:23',1,'2025-03-26 23:15:41','2025-03-26 23:15:41'),(32,'Os acessos para portadores de necessidades especiais (PcD) estão sendo controlados e devidamente liberados?',1,'2025-03-09 15:11:23',1,'2025-03-26 23:16:51','2025-03-26 23:16:51'),(33,'A quantidade de barreiras físicas para controle de acesso atende ao fluxo de colaboradores, sem gerar aglomerações ou atrasos na entrada ou saída dos acessos?',1,'2025-03-09 15:11:23',1,'2025-03-26 23:32:30','2025-03-26 23:32:30'),(34,'As catracas são liberadas por crachá ou biometria individual?',1,'2025-03-09 15:11:23',4,'2025-03-26 23:33:21','2025-03-26 23:33:21'),(35,'A catraca está funcionando corretamente, inclusive com as configurações ativas de anti-passback e anti-carona?',1,'2025-03-09 15:11:23',1,'2025-03-26 23:34:24','2025-03-26 23:34:24'),(36,'Existem câmeras que cobrem a entrada e saída dos pedestres?',1,'2025-03-09 15:11:23',1,'2025-03-26 23:37:04','2025-03-26 23:37:04'),(37,'Existe iluminação suficiente na entrada de pedestres?',1,'2025-03-09 15:11:23',1,'2025-03-26 23:45:52','2025-03-26 23:45:52'),(38,'A abertura e fechamento do portão de entrada e saída de veículos é automatizado?',1,'2025-03-09 15:11:23',5,'2025-08-19 17:48:49','2025-08-21 19:14:44'),(39,'A barreira perimetral está em bom estado de conservação?',0,'2025-03-09 15:11:23',1,'2025-08-21 19:11:01','2025-08-21 19:12:23'),(40,'A liberação de acesso dos colaboradores/visitantes é feita de forma automatizada',1,'2025-03-09 15:11:23',5,'2025-08-21 19:57:46','2025-08-21 19:57:46'),(41,'A operação de abertura e fechamento do portão é realizada pela guarita ?',1,'2025-03-09 15:11:23',3,'2025-08-21 20:04:18','2025-08-21 20:04:18'),(42,'A porta da sala da segurança é aberta de forma eletrônica?',1,'2025-03-09 15:11:23',3,'2025-08-21 20:20:55','2025-08-21 20:20:55'),(43,'A quantidade de dias, backup das imagens segue o padrão mínimo de 30 dias ?',1,'2025-03-09 15:11:23',1,'2025-08-21 20:25:54','2025-08-21 20:25:54');
/*!40000 ALTER TABLE `perguntas` ENABLE KEYS */;
UNLOCK TABLES;

--
-- Table structure for table `projeto_arquivo`
--

DROP TABLE IF EXISTS `projeto_arquivo`;
/*!40101 SET @saved_cs_client     = @@character_set_client */;
/*!50503 SET character_set_client = utf8mb4 */;
CREATE TABLE `projeto_arquivo` (
  `id` bigint(20) unsigned NOT NULL AUTO_INCREMENT,
  `projeto_id` bigint(20) unsigned NOT NULL,
  `arquivo_id` bigint(20) unsigned NOT NULL,
  `created_at` timestamp NULL DEFAULT NULL,
  `updated_at` timestamp NULL DEFAULT NULL,
  PRIMARY KEY (`id`),
  KEY `projeto_arquivo_projeto_id_foreign` (`projeto_id`),
  KEY `projeto_arquivo_arquivo_id_foreign` (`arquivo_id`),
  CONSTRAINT `projeto_arquivo_arquivo_id_foreign` FOREIGN KEY (`arquivo_id`) REFERENCES `arquivos` (`id`),
  CONSTRAINT `projeto_arquivo_projeto_id_foreign` FOREIGN KEY (`projeto_id`) REFERENCES `projetos` (`id`)
) ENGINE=InnoDB DEFAULT CHARSET=utf8mb4 COLLATE=utf8mb4_unicode_ci;
/*!40101 SET character_set_client = @saved_cs_client */;

--
-- Dumping data for table `projeto_arquivo`
--

LOCK TABLES `projeto_arquivo` WRITE;
/*!40000 ALTER TABLE `projeto_arquivo` DISABLE KEYS */;
/*!40000 ALTER TABLE `projeto_arquivo` ENABLE KEYS */;
UNLOCK TABLES;

--
-- Table structure for table `projeto_tipo_empreendimento`
--

DROP TABLE IF EXISTS `projeto_tipo_empreendimento`;
/*!40101 SET @saved_cs_client     = @@character_set_client */;
/*!50503 SET character_set_client = utf8mb4 */;
CREATE TABLE `projeto_tipo_empreendimento` (
  `id` bigint(20) unsigned NOT NULL AUTO_INCREMENT,
  `projeto_id` bigint(20) unsigned NOT NULL,
  `tipo_empreendimento_id` bigint(20) unsigned NOT NULL,
  `created_at` timestamp NULL DEFAULT NULL,
  `updated_at` timestamp NULL DEFAULT NULL,
  PRIMARY KEY (`id`),
  KEY `projeto_tipo_empreendimento_projeto_id_foreign` (`projeto_id`),
  KEY `projeto_tipo_empreendimento_tipo_empreendimento_id_foreign` (`tipo_empreendimento_id`),
  CONSTRAINT `projeto_tipo_empreendimento_projeto_id_foreign` FOREIGN KEY (`projeto_id`) REFERENCES `projetos` (`id`),
  CONSTRAINT `projeto_tipo_empreendimento_tipo_empreendimento_id_foreign` FOREIGN KEY (`tipo_empreendimento_id`) REFERENCES `tipos_empreendimentos` (`id`)
) ENGINE=InnoDB AUTO_INCREMENT=8 DEFAULT CHARSET=utf8mb4 COLLATE=utf8mb4_unicode_ci;
/*!40101 SET character_set_client = @saved_cs_client */;

--
-- Dumping data for table `projeto_tipo_empreendimento`
--

LOCK TABLES `projeto_tipo_empreendimento` WRITE;
/*!40000 ALTER TABLE `projeto_tipo_empreendimento` DISABLE KEYS */;
INSERT INTO `projeto_tipo_empreendimento` VALUES (2,2,2,'2025-06-23 06:06:33','2025-06-23 06:06:33'),(3,3,4,'2025-06-23 21:08:20','2025-06-23 21:08:20'),(4,4,6,'2025-07-08 21:08:37','2025-07-08 21:08:37'),(5,5,4,'2025-07-08 21:10:10','2025-07-08 21:10:10'),(6,6,8,'2025-07-10 15:45:28','2025-07-10 15:45:28'),(7,7,2,'2025-07-25 21:08:36','2025-07-25 21:08:36');
/*!40000 ALTER TABLE `projeto_tipo_empreendimento` ENABLE KEYS */;
UNLOCK TABLES;

--
-- Table structure for table `projeto_usuario`
--

DROP TABLE IF EXISTS `projeto_usuario`;
/*!40101 SET @saved_cs_client     = @@character_set_client */;
/*!50503 SET character_set_client = utf8mb4 */;
CREATE TABLE `projeto_usuario` (
  `id` bigint(20) unsigned NOT NULL AUTO_INCREMENT,
  `projeto_id` bigint(20) unsigned NOT NULL,
  `usuario_id` bigint(20) unsigned NOT NULL,
  `created_at` timestamp NULL DEFAULT NULL,
  `updated_at` timestamp NULL DEFAULT NULL,
  PRIMARY KEY (`id`),
  KEY `projeto_usuario_projeto_id_foreign` (`projeto_id`),
  KEY `projeto_usuario_usuario_id_foreign` (`usuario_id`),
  CONSTRAINT `projeto_usuario_projeto_id_foreign` FOREIGN KEY (`projeto_id`) REFERENCES `projetos` (`id`),
  CONSTRAINT `projeto_usuario_usuario_id_foreign` FOREIGN KEY (`usuario_id`) REFERENCES `users` (`id`)
) ENGINE=InnoDB AUTO_INCREMENT=13 DEFAULT CHARSET=utf8mb4 COLLATE=utf8mb4_unicode_ci;
/*!40101 SET character_set_client = @saved_cs_client */;

--
-- Dumping data for table `projeto_usuario`
--

LOCK TABLES `projeto_usuario` WRITE;
/*!40000 ALTER TABLE `projeto_usuario` DISABLE KEYS */;
INSERT INTO `projeto_usuario` VALUES (3,2,5,'2025-06-23 06:06:33','2025-06-23 06:06:33'),(6,4,14,'2025-07-08 21:08:37','2025-07-08 21:08:37'),(7,5,14,'2025-07-08 21:10:10','2025-07-08 21:10:10'),(8,5,15,'2025-07-08 21:10:10','2025-07-08 21:10:10'),(10,3,14,'2025-07-24 20:23:28','2025-07-24 20:23:28'),(11,7,14,'2025-07-25 21:08:36','2025-07-25 21:08:36'),(12,6,14,'2025-08-07 13:54:27','2025-08-07 13:54:27');
/*!40000 ALTER TABLE `projeto_usuario` ENABLE KEYS */;
UNLOCK TABLES;

--
-- Table structure for table `projetos`
--

DROP TABLE IF EXISTS `projetos`;
/*!40101 SET @saved_cs_client     = @@character_set_client */;
/*!50503 SET character_set_client = utf8mb4 */;
CREATE TABLE `projetos` (
  `id` bigint(20) unsigned NOT NULL AUTO_INCREMENT,
  `nome` varchar(255) COLLATE utf8mb4_unicode_ci NOT NULL,
  `data_inicio` date DEFAULT NULL,
  `empresa_id` bigint(20) unsigned NOT NULL,
  `data_cadastro` datetime NOT NULL DEFAULT '2025-03-09 15:11:24',
  `created_at` timestamp NULL DEFAULT NULL,
  `updated_at` timestamp NULL DEFAULT NULL,
  `data_conclusao` date DEFAULT NULL,
  `usuario_criador_projeto_id` bigint(20) unsigned DEFAULT NULL,
  `cliente_id` bigint(20) unsigned DEFAULT NULL,
  `status` varchar(255) COLLATE utf8mb4_unicode_ci DEFAULT 'Em andamento',
  `total_perguntas` int(11) DEFAULT '0',
  `total_perguntas_respondidas` int(11) DEFAULT '0',
  `porcentagem_preenchimento` double DEFAULT '0',
  `total_vulnerabilidades` int(11) DEFAULT '0',
  `total_riscos_altissimos` int(11) DEFAULT '0',
  `total_recomendacoes` int(11) DEFAULT '0',
  PRIMARY KEY (`id`),
  KEY `projetos_empresa_id_foreign` (`empresa_id`),
  KEY `usuario_criador_projeto_id` (`usuario_criador_projeto_id`),
  KEY `cliente_id` (`cliente_id`),
  CONSTRAINT `projetos_empresa_id_foreign` FOREIGN KEY (`empresa_id`) REFERENCES `empresas` (`id`),
  CONSTRAINT `projetos_ibfk_1` FOREIGN KEY (`usuario_criador_projeto_id`) REFERENCES `users` (`id`),
  CONSTRAINT `projetos_ibfk_2` FOREIGN KEY (`cliente_id`) REFERENCES `clientes` (`id`)
) ENGINE=InnoDB AUTO_INCREMENT=8 DEFAULT CHARSET=utf8mb4 COLLATE=utf8mb4_unicode_ci;
/*!40101 SET character_set_client = @saved_cs_client */;

--
-- Dumping data for table `projetos`
--

LOCK TABLES `projetos` WRITE;
/*!40000 ALTER TABLE `projetos` DISABLE KEYS */;
INSERT INTO `projetos` VALUES (2,'projeto','2025-06-01',2,'2025-03-09 15:11:24','2025-06-23 06:06:33','2025-06-23 06:06:33','2025-06-19',1,1,'Em andamento',37,0,0,0,0,0),(3,'Shopping','2025-06-23',1,'2025-03-09 15:11:24','2025-06-23 21:08:20','2025-07-24 20:23:28','2025-07-20',2,2,'Completo',37,37,100,24,25,37),(4,'GoodMan','2025-07-08',1,'2025-03-09 15:11:24','2025-07-08 21:08:37','2025-07-08 21:08:37','2025-10-20',2,3,'Em andamento',37,0,0,0,0,0),(5,'Madureira Shopping','2025-03-14',1,'2025-03-09 15:11:24','2025-07-08 21:10:10','2025-07-08 21:10:10','2025-04-15',2,4,'Em andamento',37,0,0,0,0,0),(6,'Analise de Riscos teste','2025-07-10',1,'2025-03-09 15:11:24','2025-07-10 15:45:28','2025-08-07 13:54:27','2025-07-12',2,5,'Em andamento',74,11,29.72972972973,8,7,9),(7,'Projeto de Segurança','2025-07-30',1,'2025-03-09 15:11:24','2025-07-25 21:08:36','2025-07-25 21:08:36','2025-08-05',2,6,'Em andamento',37,0,0,0,0,0);
/*!40000 ALTER TABLE `projetos` ENABLE KEYS */;
UNLOCK TABLES;

--
-- Table structure for table `recuperacao_senha`
--

DROP TABLE IF EXISTS `recuperacao_senha`;
/*!40101 SET @saved_cs_client     = @@character_set_client */;
/*!50503 SET character_set_client = utf8mb4 */;
CREATE TABLE `recuperacao_senha` (
  `id` bigint(20) unsigned NOT NULL AUTO_INCREMENT,
  `token` varchar(255) COLLATE utf8mb4_unicode_ci NOT NULL,
  `data_cadastro` datetime NOT NULL DEFAULT '2025-03-09 15:11:25',
  `data_expiracao` datetime NOT NULL,
  `usado` tinyint(1) NOT NULL DEFAULT '0',
  `usuario_id` bigint(20) unsigned NOT NULL,
  `created_at` timestamp NULL DEFAULT NULL,
  `updated_at` timestamp NULL DEFAULT NULL,
  PRIMARY KEY (`id`),
  KEY `recuperacao_senha_usuario_id_foreign` (`usuario_id`),
  CONSTRAINT `recuperacao_senha_usuario_id_foreign` FOREIGN KEY (`usuario_id`) REFERENCES `users` (`id`)
) ENGINE=InnoDB AUTO_INCREMENT=6 DEFAULT CHARSET=utf8mb4 COLLATE=utf8mb4_unicode_ci;
/*!40101 SET character_set_client = @saved_cs_client */;

--
-- Dumping data for table `recuperacao_senha`
--

LOCK TABLES `recuperacao_senha` WRITE;
/*!40000 ALTER TABLE `recuperacao_senha` DISABLE KEYS */;
INSERT INTO `recuperacao_senha` VALUES (1,'2f68c46adc7382dfdf0fa35aa4e33451583fc44e7341e65b0305655676746deddc23a98874c99781e8d7cf73854971cf6e8f','2025-03-09 15:11:25','2025-03-11 02:49:15',1,1,'2025-03-11 05:39:15','2025-03-11 05:39:38'),(2,'f2e90f742caec2a2bc8eb17901d792a55b9ea24f67cd0e87ad3a3f2bae3b8ba6674bcef2f3a0eb913a25d156344d847bc56a','2025-03-09 15:11:25','2025-03-11 05:01:58',1,1,'2025-03-11 07:51:58','2025-03-11 07:52:43'),(3,'3c4743e9782cde73e205b31c8c7a9d3ae1dc5e64f928e4f6993beb1fdcbe2de41fcf3e36a4c194bc01d9d82c1966a397b1cb','2025-03-09 15:11:25','2025-03-11 22:15:03',1,2,'2025-03-12 01:05:03','2025-03-12 01:05:46'),(4,'32e657c9d22ea73ab2b1863a1365fc2d6a7dc3766ff961777c265b3a49c2d895cf53a34f046b33f82f26060dfdac7bba3653','2025-03-09 15:11:25','2025-03-11 23:42:30',1,2,'2025-03-12 02:32:30','2025-03-12 02:33:07'),(5,'efb6ce03cd409e5274bbc51584d3cf30a81db9a4d14e1cdf4b99b4725d32f1a2d3bd93997ad6ad7cff3ad8e5c52dbc80041b','2025-03-09 15:11:25','2025-07-23 22:11:54',1,3,'2025-07-24 01:01:54','2025-07-24 01:02:20');
/*!40000 ALTER TABLE `recuperacao_senha` ENABLE KEYS */;
UNLOCK TABLES;

--
-- Table structure for table `respostas`
--

DROP TABLE IF EXISTS `respostas`;
/*!40101 SET @saved_cs_client     = @@character_set_client */;
/*!50503 SET character_set_client = utf8mb4 */;
CREATE TABLE `respostas` (
  `id` bigint(20) unsigned NOT NULL AUTO_INCREMENT,
  `resposta` text COLLATE utf8mb4_unicode_ci,
  `data_cadastro` datetime NOT NULL DEFAULT '2025-04-10 06:12:48',
  `pergunta_id` bigint(20) unsigned NOT NULL,
  `formulario_id` bigint(20) unsigned NOT NULL,
  `respondido_por_usuario_id` bigint(20) unsigned NOT NULL,
  `created_at` timestamp NULL DEFAULT NULL,
  `updated_at` timestamp NULL DEFAULT NULL,
  `arquivo_id` bigint(20) unsigned DEFAULT NULL,
  `nivel_adequacao` varchar(2) COLLATE utf8mb4_unicode_ci DEFAULT NULL,
  `nivel_probabilidade` varchar(2) COLLATE utf8mb4_unicode_ci DEFAULT NULL,
  `nivel_impacto` varchar(2) COLLATE utf8mb4_unicode_ci DEFAULT NULL,
  `nivel_esforco` varchar(2) COLLATE utf8mb4_unicode_ci DEFAULT NULL,
  `nivel_valor` varchar(2) COLLATE utf8mb4_unicode_ci DEFAULT NULL,
  `esta_em_vulnerabilidade` tinyint(1) DEFAULT NULL,
  `vulnerabilidade_vigente` varchar(2) COLLATE utf8mb4_unicode_ci DEFAULT NULL,
  `esta_em_risco_altissimo` tinyint(1) DEFAULT NULL,
  `risco_altissimo_vigente` varchar(2) COLLATE utf8mb4_unicode_ci DEFAULT NULL,
  `prazo` varchar(30) COLLATE utf8mb4_unicode_ci DEFAULT 'Longo prazo',
  PRIMARY KEY (`id`),
  KEY `respostas_pergunta_id_foreign` (`pergunta_id`),
  KEY `respostas_formulario_id_foreign` (`formulario_id`),
  KEY `respostas_respondido_por_usuario_id_foreign` (`respondido_por_usuario_id`),
  KEY `arquivo_id` (`arquivo_id`),
  CONSTRAINT `respostas_formulario_id_foreign` FOREIGN KEY (`formulario_id`) REFERENCES `formularios` (`id`),
  CONSTRAINT `respostas_ibfk_1` FOREIGN KEY (`arquivo_id`) REFERENCES `arquivos` (`id`),
  CONSTRAINT `respostas_pergunta_id_foreign` FOREIGN KEY (`pergunta_id`) REFERENCES `perguntas` (`id`),
  CONSTRAINT `respostas_respondido_por_usuario_id_foreign` FOREIGN KEY (`respondido_por_usuario_id`) REFERENCES `users` (`id`)
) ENGINE=InnoDB AUTO_INCREMENT=68 DEFAULT CHARSET=utf8mb4 COLLATE=utf8mb4_unicode_ci;
/*!40101 SET character_set_client = @saved_cs_client */;

--
-- Dumping data for table `respostas`
--

LOCK TABLES `respostas` WRITE;
/*!40000 ALTER TABLE `respostas` DISABLE KEYS */;
INSERT INTO `respostas` VALUES (20,'Mudar a area externa','2025-06-23 18:11:54',1,6,2,'2025-06-23 21:11:54','2025-07-02 00:41:42',NULL,'4','4','4','4','4',1,'3',1,'9','Médio prazo'),(21,'Melhorar','2025-07-08 18:12:33',2,6,2,'2025-07-08 21:12:33','2025-07-08 21:12:33',NULL,'2','4','4','3','2',0,'3',1,'9','Longo prazo'),(22,'Melhorar','2025-07-08 18:12:44',3,6,2,'2025-07-08 21:12:44','2025-07-08 21:12:44',NULL,'5','5','5','5','5',1,'3',1,'9','Curto prazo'),(23,'Melhorar','2025-07-08 18:13:49',4,6,2,'2025-07-08 21:13:49','2025-07-08 21:13:49',NULL,'1','3','3','1','1',0,'3',1,'9','Longo prazo'),(24,'Melhorar','2025-07-08 18:14:32',5,6,2,'2025-07-08 21:14:32','2025-07-08 21:14:32',NULL,'3','2','2','3','3',1,'3',0,'9','Longo prazo'),(25,'Melhorar','2025-07-08 18:16:25',6,6,2,'2025-07-08 21:16:25','2025-07-08 21:16:25',NULL,'4','4','4','4','3',1,'3',1,'9','Médio prazo'),(26,'Melhorar','2025-07-08 18:16:39',7,6,2,'2025-07-08 21:16:39','2025-07-08 21:16:39',NULL,'2','2','2','2','2',0,'3',0,'9','Longo prazo'),(27,'Melhorar','2025-07-08 18:16:57',8,6,2,'2025-07-08 21:16:57','2025-07-08 21:16:57',NULL,'5','3','3','3','2',1,'3',1,'9','Longo prazo'),(28,'Melhorar','2025-07-08 18:18:18',9,6,2,'2025-07-08 21:18:18','2025-07-08 21:18:18',NULL,'4','1','1','2','2',1,'3',0,'9','Longo prazo'),(29,'Melhorar','2025-07-08 18:18:32',10,6,2,'2025-07-08 21:18:32','2025-07-08 21:18:32',NULL,'3','5','5','2','4',1,'3',1,'9','Longo prazo'),(30,'Melhorar','2025-07-08 18:20:56',11,6,2,'2025-07-08 21:20:56','2025-07-08 21:20:56',NULL,'2','3','3','3','3',0,'3',1,'9','Longo prazo'),(31,'Melhorar','2025-07-08 18:23:45',16,6,2,'2025-07-08 21:23:45','2025-07-08 21:23:45',NULL,'4','3','3','3','3',1,'3',1,'9','Longo prazo'),(32,'Melhorar','2025-07-08 18:23:55',17,6,2,'2025-07-08 21:23:55','2025-07-08 21:23:55',NULL,'4','4','4','4','3',1,'3',1,'9','Médio prazo'),(33,'Melhorar','2025-07-08 18:24:04',12,6,2,'2025-07-08 21:24:04','2025-07-08 21:24:04',NULL,'4','4','4','4','4',1,'3',1,'9','Médio prazo'),(34,'Melhorar','2025-07-08 18:24:14',13,6,2,'2025-07-08 21:24:14','2025-07-08 21:24:14',NULL,'1','5','5','5','5',0,'3',1,'9','Curto prazo'),(35,'Melhorar','2025-07-08 18:24:24',14,6,2,'2025-07-08 21:24:24','2025-07-08 21:24:24',NULL,'5','5','5','5','5',1,'3',1,'9','Curto prazo'),(36,'Melhorar','2025-07-08 18:24:33',15,6,2,'2025-07-08 21:24:33','2025-07-08 21:24:33',NULL,'1','2','2','2','2',0,'3',0,'9','Longo prazo'),(37,'Melhorar','2025-07-08 18:25:12',18,6,2,'2025-07-08 21:25:12','2025-07-08 21:25:12',NULL,'1','2','2','2','2',0,'3',0,'9','Longo prazo'),(38,'Melhorar','2025-07-08 18:25:22',19,6,2,'2025-07-08 21:25:22','2025-07-08 21:25:22',NULL,'1','2','2','2','2',0,'3',0,'9','Longo prazo'),(39,'Melhorar','2025-07-08 18:25:31',20,6,2,'2025-07-08 21:25:31','2025-07-08 21:25:31',NULL,'3','3','3','3','2',1,'3',1,'9','Longo prazo'),(40,'Melhorar','2025-07-08 18:25:43',21,6,2,'2025-07-08 21:25:43','2025-07-08 21:25:43',NULL,'1','2','2','2','1',0,'3',0,'9','Longo prazo'),(41,'Melhorar','2025-07-08 18:25:54',22,6,2,'2025-07-08 21:25:54','2025-07-08 21:25:54',NULL,'2','1','1','2','1',0,'3',0,'9','Longo prazo'),(42,'Melhorar','2025-07-08 18:26:05',23,6,2,'2025-07-08 21:26:05','2025-07-08 21:26:05',NULL,'1','2','2','2','2',0,'3',0,'9','Longo prazo'),(43,'Melhorar','2025-07-08 18:26:22',24,6,2,'2025-07-08 21:26:22','2025-07-08 21:26:22',NULL,'3','3','4','4','3',1,'3',1,'9','Médio prazo'),(44,'Melhorar','2025-07-08 18:26:34',25,6,2,'2025-07-08 21:26:34','2025-07-08 21:26:34',NULL,'4','3','4','4','3',1,'3',1,'9','Médio prazo'),(45,'Melhorar','2025-07-08 18:28:27',26,6,2,'2025-07-08 21:28:27','2025-07-08 21:28:27',NULL,'3','4','4','3','3',1,'3',1,'9','Longo prazo'),(46,'Melhorar','2025-07-08 18:28:39',27,6,2,'2025-07-08 21:28:39','2025-07-08 21:28:39',NULL,'3','3','3','3','3',1,'3',1,'9','Longo prazo'),(47,'Melhorar','2025-07-08 18:31:31',28,6,2,'2025-07-08 21:31:31','2025-07-08 21:31:31',NULL,'4','3','3','2','2',1,'3',1,'9','Longo prazo'),(48,'Melhorar','2025-07-08 18:31:42',29,6,2,'2025-07-08 21:31:42','2025-07-08 21:31:42',NULL,'1','2','2','2','1',0,'3',0,'9','Longo prazo'),(49,'Melhorar','2025-07-08 18:31:54',30,6,2,'2025-07-08 21:31:54','2025-07-08 21:31:54',NULL,'5','5','5','4','4',1,'3',1,'9','Médio prazo'),(50,'Melhorar','2025-07-08 18:32:04',31,6,2,'2025-07-08 21:32:04','2025-07-08 21:32:04',NULL,'4','3','4','4','3',1,'3',1,'9','Médio prazo'),(51,'Melhorar','2025-07-08 18:32:14',32,6,2,'2025-07-08 21:32:14','2025-07-08 21:32:14',NULL,'3','4','3','3','3',1,'3',1,'9','Longo prazo'),(52,'Melhorar','2025-07-08 18:32:25',33,6,2,'2025-07-08 21:32:25','2025-07-08 21:32:25',NULL,'3','3','2','3','2',1,'3',0,'9','Longo prazo'),(53,'Melhorar','2025-07-08 18:32:35',34,6,2,'2025-07-08 21:32:35','2025-07-08 21:32:35',NULL,'3','3','3','3','3',1,'3',1,'9','Longo prazo'),(54,'Melhorar','2025-07-08 18:32:45',35,6,2,'2025-07-08 21:32:45','2025-07-08 21:32:45',NULL,'2','3','2','5','5',0,'3',0,'9','Curto prazo'),(55,'Melhorar','2025-07-08 18:32:56',36,6,2,'2025-07-08 21:32:56','2025-07-08 21:32:56',NULL,'4','3','4','5','5',1,'3',1,'9','Curto prazo'),(56,'Melhorar','2025-07-08 18:33:09',37,6,2,'2025-07-08 21:33:09','2025-07-08 21:33:09',NULL,'5','5','5','5','5',1,'3',1,'9','Curto prazo'),(57,'4545','2025-07-20 20:35:17',1,9,2,'2025-07-20 23:35:17','2025-07-20 23:35:17',NULL,'2','2','1','2','1',0,'3',0,'9','Longo prazo'),(58,'Melhorar','2025-07-20 20:35:31',2,9,2,'2025-07-20 23:35:31','2025-07-20 23:35:31',NULL,'5','5','5','5','5',1,'3',1,'9','Curto prazo'),(59,'Melhorar','2025-07-20 20:35:44',3,9,2,'2025-07-20 23:35:44','2025-07-20 23:35:44',NULL,'4','5','5','5','5',1,'3',1,'9','Curto prazo'),(60,NULL,'2025-07-20 21:34:04',4,9,1,'2025-07-21 00:34:04','2025-07-21 00:34:04',NULL,'1','1','1','1','1',0,'3',0,'9','Longo prazo'),(61,'Teste','2025-07-22 02:37:55',37,9,1,'2025-07-22 05:37:55','2025-07-22 05:37:55',5,'5','1','2','3','4',1,'3',0,'9','Médio prazo'),(62,NULL,'2025-07-22 03:00:59',19,9,1,'2025-07-22 06:00:59','2025-07-22 06:00:59',NULL,'1','1','1','1','1',0,'3',0,'9','Longo prazo'),(63,'Jjj','2025-07-22 03:03:31',6,9,1,'2025-07-22 06:03:31','2025-07-22 06:03:31',NULL,'5','5','5','5','5',1,'3',1,'9','Curto prazo'),(64,'Hjj','2025-07-22 03:06:19',7,9,1,'2025-07-22 06:06:19','2025-07-22 20:32:14',6,'5','5','5','5','4',1,'3',1,'9','Curto prazo'),(65,'Ttttt','2025-07-22 17:33:00',9,9,1,'2025-07-22 20:33:00','2025-07-22 20:33:00',NULL,'5','5','5','4','4',1,'3',1,'9','Médio prazo'),(66,'asfasf','2025-07-23 22:04:28',1,10,2,'2025-07-24 01:04:28','2025-08-07 13:52:04',NULL,'3','4','4','2','2',1,'3',1,'9','Longo prazo'),(67,'Sistema de monitoramento analógico','2025-07-31 18:50:55',10,9,2,'2025-07-31 21:50:55','2025-07-31 21:50:55',7,'3','4','5','3','4',1,'3',1,'9','Médio prazo');
/*!40000 ALTER TABLE `respostas` ENABLE KEYS */;
UNLOCK TABLES;

--
-- Table structure for table `sessions`
--

DROP TABLE IF EXISTS `sessions`;
/*!40101 SET @saved_cs_client     = @@character_set_client */;
/*!50503 SET character_set_client = utf8mb4 */;
CREATE TABLE `sessions` (
  `id` varchar(100) COLLATE utf8mb4_unicode_ci NOT NULL,
  `user_id` bigint(20) unsigned DEFAULT NULL,
  `ip_address` varchar(45) COLLATE utf8mb4_unicode_ci DEFAULT NULL,
  `user_agent` text COLLATE utf8mb4_unicode_ci,
  `payload` longtext COLLATE utf8mb4_unicode_ci NOT NULL,
  `last_activity` int(11) NOT NULL,
  PRIMARY KEY (`id`),
  KEY `sessions_user_id_index` (`user_id`),
  KEY `sessions_last_activity_index` (`last_activity`)
) ENGINE=InnoDB DEFAULT CHARSET=utf8mb4 COLLATE=utf8mb4_unicode_ci;
/*!40101 SET character_set_client = @saved_cs_client */;

--
-- Dumping data for table `sessions`
--

LOCK TABLES `sessions` WRITE;
/*!40000 ALTER TABLE `sessions` DISABLE KEYS */;
INSERT INTO `sessions` VALUES ('3DZabYmnCaEvep3ElOp68NDMMC47WRUPsvpVsVHU',NULL,'162.142.125.36','Mozilla/5.0 (compatible; CensysInspect/1.1; +https://about.censys.io/)','YTozOntzOjY6Il90b2tlbiI7czo0MDoiUmtXeGJUWVBzb1NPR0F6OWhodGQ3VVlsa01Lc1ZMdnZwVFFoeXFMZyI7czo5OiJfcHJldmlvdXMiO2E6MTp7czozOiJ1cmwiO3M6Mjk6Imh0dHA6Ly93d3cuc2VjdXJlc2NvcGUuY29tLmJyIjt9czo2OiJfZmxhc2giO2E6Mjp7czozOiJvbGQiO2E6MDp7fXM6MzoibmV3IjthOjA6e319fQ==',1759322162),('4d0YgPdZLVCa5Fi3PeKsjJLiQ8bY4L7L9y4E1Mjs',NULL,'49.0.237.195','Mozilla/5.0 (Windows NT 6.1; WOW64; Android) AppleWebKit/537.36 (KHTML, like Gecko) Chrome/93.0.4264.25 Safari/537.36 HuaweiCrawler','YTozOntzOjY6Il90b2tlbiI7czo0MDoiczFmNEVOeTZUOTRjVHdyR29rRDl1d1JSRjY4bUJmV3hjSnJ4VGJRVyI7czo5OiJfcHJldmlvdXMiO2E6MTp7czozOiJ1cmwiO3M6MjY6Imh0dHBzOi8vc2VjdXJlc2NvcGUuY29tLmJyIjt9czo2OiJfZmxhc2giO2E6Mjp7czozOiJvbGQiO2E6MDp7fXM6MzoibmV3IjthOjA6e319fQ==',1759424220),('4JHipiGulCCyg5S0bcaaRIbADhLXFN0H2Dpkr5ut',NULL,'186.202.163.107','Mozilla/5.0 (Windows NT 10.0; Win64; x64) AppleWebKit/537.36 (KHTML, like Gecko) Chrome/90.0 Safari/537.36','YTozOntzOjY6Il90b2tlbiI7czo0MDoiMHRaUW9QRlBEdm5NQ01ua0VYWEpJQjh3cXZhMXdGWHRVUVRMMFdxeiI7czo5OiJfcHJldmlvdXMiO2E6MTp7czozOiJ1cmwiO3M6MjY6Imh0dHBzOi8vc2VjdXJlc2NvcGUuY29tLmJyIjt9czo2OiJfZmxhc2giO2E6Mjp7czozOiJvbGQiO2E6MDp7fXM6MzoibmV3IjthOjA6e319fQ==',1759394459),('4y8EEkzDRGg6oLh0zGcChPqmsmGOyqesmXCldcgs',NULL,'186.205.6.37','Mozilla/5.0 (Windows NT 10.0; Win64; x64) AppleWebKit/537.36 (KHTML, like Gecko) Chrome/140.0.0.0 Safari/537.36 Edg/140.0.0.0','YTozOntzOjY6Il90b2tlbiI7czo0MDoiTktGN0lBSFdyMVNDTmR3OHJqSzQ1elE0NllkeUc2M2dhUUhQWUdxaCI7czo5OiJfcHJldmlvdXMiO2E6MTp7czozOiJ1cmwiO3M6MjY6Imh0dHBzOi8vc2VjdXJlc2NvcGUuY29tLmJyIjt9czo2OiJfZmxhc2giO2E6Mjp7czozOiJvbGQiO2E6MDp7fXM6MzoibmV3IjthOjA6e319fQ==',1759456931),('60hMuDRATS98bor5X9TfwKVz9UhMmuMqoSVook4h',NULL,'195.178.110.157','Mozilla/5.0 (Windows NT 10.0; Win64; x64) AppleWebKit/537.36 (KHTML, like Gecko) Chrome/58.0.3029.110 Safari/537.3','YTozOntzOjY6Il90b2tlbiI7czo0MDoiREFQcU9xZDc4SVZpZEJnU1pwMkJCa2Q5djZFOThyUVJwcG40VHAxUiI7czo5OiJfcHJldmlvdXMiO2E6MTp7czozOiJ1cmwiO3M6MjU6Imh0dHA6Ly9zZWN1cmVzY29wZS5jb20uYnIiO31zOjY6Il9mbGFzaCI7YToyOntzOjM6Im9sZCI7YTowOnt9czozOiJuZXciO2E6MDp7fX19',1759302909),('63y0LazdZZ99IfN6t9xyqwJlrTwiYk4CW9qcxyRU',NULL,'93.158.90.12','Mozilla/5.0 (Linux; Android 14; SM-S901B) AppleWebKit/537.36 (KHTML, like Gecko) Chrome/120.0.6099.280 Mobile Safari/537.36 OPR/80.4.4244.7786','YTozOntzOjY6Il90b2tlbiI7czo0MDoiSXkwS1lzRmUwMXVibXNlZnFzUHU3MjNyRmhtVVBwNHRVcHBsaFh2eiI7czo5OiJfcHJldmlvdXMiO2E6MTp7czozOiJ1cmwiO3M6MjU6Imh0dHA6Ly9zZWN1cmVzY29wZS5jb20uYnIiO31zOjY6Il9mbGFzaCI7YToyOntzOjM6Im9sZCI7YTowOnt9czozOiJuZXciO2E6MDp7fX19',1759411757),('6kU8LaEIRX7kUto035SbkQLuWsDwZ0CAGDTnCaBo',NULL,'137.184.177.9','Mozilla/5.0 (Windows NT 10.0; Win64; x64) AppleWebKit/537.36 (KHTML, like Gecko) Chrome/131.0.0.0 Safari/537.36','YTozOntzOjY6Il90b2tlbiI7czo0MDoiN2ZpU05XUkMxYnE5ZUtRaDNYOGlnVWZSSkdIWjNoTlh4VUtyS0hEUCI7czo5OiJfcHJldmlvdXMiO2E6MTp7czozOiJ1cmwiO3M6MjU6Imh0dHA6Ly9zZWN1cmVzY29wZS5jb20uYnIiO31zOjY6Il9mbGFzaCI7YToyOntzOjM6Im9sZCI7YTowOnt9czozOiJuZXciO2E6MDp7fX19',1759322254),('8A9YJ9spRohHmiiiy8FxYdOYj0WVjgjCL0WtrAuD',NULL,'64.69.216.78','Insites-scanner/1.0','YTozOntzOjY6Il90b2tlbiI7czo0MDoiQWVwSEh3U0ZId0JsRVEzMzZlUFNDcGlYVjhaNmxsU3o3OExPZTMxRCI7czo5OiJfcHJldmlvdXMiO2E6MTp7czozOiJ1cmwiO3M6MjU6Imh0dHA6Ly9zZWN1cmVzY29wZS5jb20uYnIiO31zOjY6Il9mbGFzaCI7YToyOntzOjM6Im9sZCI7YTowOnt9czozOiJuZXciO2E6MDp7fX19',1759439304),('9HPvfZum3nugPSrumVHQPOOBBobnmG4XDVe0LGwS',NULL,'162.142.125.209','Mozilla/5.0 (compatible; CensysInspect/1.1; +https://about.censys.io/)','YTozOntzOjY6Il90b2tlbiI7czo0MDoiSWo4VURYdjBUa1ZyamZjYWo3WUhXOXI5Y1RqNTU2Z2lJOHdHeXV5byI7czo5OiJfcHJldmlvdXMiO2E6MTp7czozOiJ1cmwiO3M6MzE6Imh0dHBzOi8vbWFpbC5zZWN1cmVzY29wZS5jb20uYnIiO31zOjY6Il9mbGFzaCI7YToyOntzOjM6Im9sZCI7YTowOnt9czozOiJuZXciO2E6MDp7fX19',1759321791),('cb4yR1g7EXfYN41b5RfAn69HhXnXtPNizSDYmgcP',NULL,'198.235.24.170','','YTozOntzOjY6Il90b2tlbiI7czo0MDoiQ0lOMFc5amo0cHhJQzdRNWxrc09WZ3ZMTVNzN2tTemxXN3Q4eVptQiI7czo5OiJfcHJldmlvdXMiO2E6MTp7czozOiJ1cmwiO3M6MjU6Imh0dHA6Ly9zZWN1cmVzY29wZS5jb20uYnIiO31zOjY6Il9mbGFzaCI7YToyOntzOjM6Im9sZCI7YTowOnt9czozOiJuZXciO2E6MDp7fX19',1759564738),('EdQmupYOU1bE0Qc1r4qdNndwHTSeeOzbIc92Y7bp',NULL,'167.94.138.113','Mozilla/5.0 (compatible; CensysInspect/1.1; +https://about.censys.io/)','YTozOntzOjY6Il90b2tlbiI7czo0MDoiYTdncDd3bVgxN3lpWTdQbjdzUzl5MEc4aU1CcUdSMFdlYnBvaVRTTSI7czo5OiJfcHJldmlvdXMiO2E6MTp7czozOiJ1cmwiO3M6MzA6Imh0dHA6Ly9tYWlsLnNlY3VyZXNjb3BlLmNvbS5iciI7fXM6NjoiX2ZsYXNoIjthOjI6e3M6Mzoib2xkIjthOjA6e31zOjM6Im5ldyI7YTowOnt9fX0=',1759426979),('FbstXWF6QUs6Feeqt1WLnSaTlS79GKyQ4xlpKxdP',NULL,'64.69.216.78','Insites-scanner/1.0','YTozOntzOjY6Il90b2tlbiI7czo0MDoiMW03YXM5WFEwdmRWbkRwZmc5alk5RHQ1bUJkZlVkbklGR2RkTlZ0ViI7czo5OiJfcHJldmlvdXMiO2E6MTp7czozOiJ1cmwiO3M6MjU6Imh0dHA6Ly9zZWN1cmVzY29wZS5jb20uYnIiO31zOjY6Il9mbGFzaCI7YToyOntzOjM6Im9sZCI7YTowOnt9czozOiJuZXciO2E6MDp7fX19',1759352576),('fGT3hyyxqA9gs29B0BDeqO7Tq2zyIEN6yJmCl8sZ',NULL,'66.132.153.137','Mozilla/5.0 (compatible; CensysInspect/1.1; +https://about.censys.io/)','YTozOntzOjY6Il90b2tlbiI7czo0MDoidFM1U1l3SHR4SzNRbkw3SVZYRDBSZ04zTTF4ZHJpSlhFZHFTeDFxSiI7czo5OiJfcHJldmlvdXMiO2E6MTp7czozOiJ1cmwiO3M6MzA6Imh0dHBzOi8vd3d3LnNlY3VyZXNjb3BlLmNvbS5iciI7fXM6NjoiX2ZsYXNoIjthOjI6e3M6Mzoib2xkIjthOjA6e31zOjM6Im5ldyI7YTowOnt9fX0=',1759322145),('kFqFbdh4BmpKwP3Wmintr0yJpXOL6sJTF0pVzwzQ',NULL,'147.185.132.138','Hello from Palo Alto Networks, find out more about our scans in https://docs-cortex.paloaltonetworks.com/r/1/Cortex-Xpanse/Scanning-activity','YTozOntzOjY6Il90b2tlbiI7czo0MDoiNjN3UnhocGhJSnplU3FaRTZWbUpvTFFLOGlvb0hDN1M4UmFJem5oSyI7czo5OiJfcHJldmlvdXMiO2E6MTp7czozOiJ1cmwiO3M6MjY6Imh0dHBzOi8vc2VjdXJlc2NvcGUuY29tLmJyIjt9czo2OiJfZmxhc2giO2E6Mjp7czozOiJvbGQiO2E6MDp7fXM6MzoibmV3IjthOjA6e319fQ==',1759558980),('l3QlxSmUrdScXweFSbY17KXQkXxWcS9r9fj8NsPw',NULL,'165.227.157.47','Mozilla/5.0 (X11; Linux x86_64) AppleWebKit/537.36 (KHTML, like Gecko) Chrome/139.0.0.0 Safari/537.36','YTozOntzOjY6Il90b2tlbiI7czo0MDoiOFM2aDk4YkRQVWFoaTNWS043emY5TG9PQkFyRFYyOWhjbGF1ZDNSeCI7czo5OiJfcHJldmlvdXMiO2E6MTp7czozOiJ1cmwiO3M6MjY6Imh0dHBzOi8vc2VjdXJlc2NvcGUuY29tLmJyIjt9czo2OiJfZmxhc2giO2E6Mjp7czozOiJvbGQiO2E6MDp7fXM6MzoibmV3IjthOjA6e319fQ==',1759282525),('m37Un9yLTR7lSWESAlb9mX43HT7yRVuaztmrJ4fn',NULL,'45.149.173.233','Mozilla/5.0 (Windows NT 10.0; Win64; x64) AppleWebKit/537.36 (KHTML, like Gecko) Chrome/78.0.3904.108 Safari/537.36','YTozOntzOjY6Il90b2tlbiI7czo0MDoiQ013alV4UHVEM09kY21tbkFxT0FYelJiT3B4YUxhcjhsN0NOeE9aSyI7czo5OiJfcHJldmlvdXMiO2E6MTp7czozOiJ1cmwiO3M6MjU6Imh0dHA6Ly9zZWN1cmVzY29wZS5jb20uYnIiO31zOjY6Il9mbGFzaCI7YToyOntzOjM6Im9sZCI7YTowOnt9czozOiJuZXciO2E6MDp7fX19',1759313976),('MRrqrAOFkEXLcRYeNdgRu5dEiRjJ2SNpWOOT3fzg',NULL,'184.154.139.38','Mozilla/5.0 (compatible; MSIE 9.0; Windows NT 6.1; WOW64; Trident/6.0)','YTozOntzOjY6Il90b2tlbiI7czo0MDoia2NiVkoxaFNRbFptYXVvRldYRUVKWlV0Z2l3ejQ5blR3Tmp3Q1A0QiI7czo5OiJfcHJldmlvdXMiO2E6MTp7czozOiJ1cmwiO3M6MjU6Imh0dHA6Ly9zZWN1cmVzY29wZS5jb20uYnIiO31zOjY6Il9mbGFzaCI7YToyOntzOjM6Im9sZCI7YTowOnt9czozOiJuZXciO2E6MDp7fX19',1759386783),('nGBmeWHQvPc5P7i50AaMa8W65nr0xJs8vW3uSTk3',NULL,'91.231.89.101','Mozilla/5.0 (X11; Ubuntu; Linux x86_64; rv:134.0) Gecko/20100101 Firefox/134.0','YTozOntzOjY6Il90b2tlbiI7czo0MDoieWtNTVB0UU1LQUxkVkhNdXk1VVFhajJSTE9RTk40cnVxcklOaE5ORCI7czo5OiJfcHJldmlvdXMiO2E6MTp7czozOiJ1cmwiO3M6MjY6Imh0dHBzOi8vc2VjdXJlc2NvcGUuY29tLmJyIjt9czo2OiJfZmxhc2giO2E6Mjp7czozOiJvbGQiO2E6MDp7fXM6MzoibmV3IjthOjA6e319fQ==',1759378169),('NzslY4MpOshscqhy7dvdMNCNRkTiVvXgpks0OvyM',NULL,'119.8.41.86','Java/1.8.0_322','YToyOntzOjY6Il90b2tlbiI7czo0MDoieTM4T2VHMlU1Z1BpZU9nazN5cnlSeUVZSzAwT25iRFc0UjlFYUN4ciI7czo2OiJfZmxhc2giO2E6Mjp7czozOiJvbGQiO2E6MDp7fXM6MzoibmV3IjthOjA6e319fQ==',1759424219),('QmJ7u8Pm9fPxpzWlEa5RepMYiunQCT3vd2jC0hts',NULL,'177.112.26.54','Mozilla/5.0 (compatible; MSIE 6.0; Windows NT 5.0; Trident/5.0)','YTozOntzOjY6Il90b2tlbiI7czo0MDoicnliUzViY1BQN0ozSHBTZVJoQ20xckZiV0xZaExldWhlRWZrY2lNaiI7czo5OiJfcHJldmlvdXMiO2E6MTp7czozOiJ1cmwiO3M6MjY6Imh0dHBzOi8vc2VjdXJlc2NvcGUuY29tLmJyIjt9czo2OiJfZmxhc2giO2E6Mjp7czozOiJvbGQiO2E6MDp7fXM6MzoibmV3IjthOjA6e319fQ==',1759388815),('s62LMAIXygtfq7Wk9xA5F0eLMjzfxmPBTZaj6v3h',NULL,'186.202.163.107','Mozilla/5.0 (Windows NT 10.0; Win64; x64) AppleWebKit/537.36 (KHTML, like Gecko) Chrome/90.0 Safari/537.36','YTozOntzOjY6Il90b2tlbiI7czo0MDoiUFEyMDA1enVXc1BaNWJoaUM2Y1NCU0d3d2dWV0ZiN01TZUNqSnVrciI7czo5OiJfcHJldmlvdXMiO2E6MTp7czozOiJ1cmwiO3M6MjY6Imh0dHBzOi8vc2VjdXJlc2NvcGUuY29tLmJyIjt9czo2OiJfZmxhc2giO2E6Mjp7czozOiJvbGQiO2E6MDp7fXM6MzoibmV3IjthOjA6e319fQ==',1759308377),('sgJlXplUUVWG4VhFDe8aQx2nWDw5ZUmk0Ni8iXFj',NULL,'116.202.13.222','Mozilla/5.0 (Macintosh; Intel Mac OS X 10.15; rv:133.0) Gecko/20100101 Firefox/133.0','YTozOntzOjY6Il90b2tlbiI7czo0MDoiMkZJVE1DQmdaVGhhbE1XQ0k1MkdKRkxwY1loQTZHVGRCVG41WTRwdiI7czo5OiJfcHJldmlvdXMiO2E6MTp7czozOiJ1cmwiO3M6MjY6Imh0dHBzOi8vc2VjdXJlc2NvcGUuY29tLmJyIjt9czo2OiJfZmxhc2giO2E6Mjp7czozOiJvbGQiO2E6MDp7fXM6MzoibmV3IjthOjA6e319fQ==',1759341194),('t0eP21VDYUCiIYR8eXIaOrQTF3FWqUoWxL3Yefam',NULL,'198.235.24.13','','YTozOntzOjY6Il90b2tlbiI7czo0MDoiYW5QUTZheHlHQkNkeFAzZFRsM3REYmFGZDJEM3hLQ3c2M3d0dGRxUCI7czo5OiJfcHJldmlvdXMiO2E6MTp7czozOiJ1cmwiO3M6MjU6Imh0dHA6Ly9zZWN1cmVzY29wZS5jb20uYnIiO31zOjY6Il9mbGFzaCI7YToyOntzOjM6Im9sZCI7YTowOnt9czozOiJuZXciO2E6MDp7fX19',1760132633),('T8FwfT7AYaMn1mlMHk0W1vfmRidiAD8uPr1wRUkp',NULL,'141.98.11.182','Mozilla/5.0 (Windows NT 10.0; Win64; x64) AppleWebKit/537.36 (KHTML, like Gecko) Chrome/126.0.0.0 Safari/537.36','YTozOntzOjY6Il90b2tlbiI7czo0MDoiWUkzcUZVaUpRcjduUVA5VFdHRExqZzlTaXp3bDVHb241T3NSQjU2QiI7czo5OiJfcHJldmlvdXMiO2E6MTp7czozOiJ1cmwiO3M6MjU6Imh0dHA6Ly9zZWN1cmVzY29wZS5jb20uYnIiO31zOjY6Il9mbGFzaCI7YToyOntzOjM6Im9sZCI7YTowOnt9czozOiJuZXciO2E6MDp7fX19',1759415746),('TH6VWNsAFAdNutInEUrEyfL2p0rsrBviadvNagQd',NULL,'106.1.5.57','Mozilla/5.0 (iPod; U; CPU iPhone OS 3_3 like Mac OS X; bho-IN) AppleWebKit/533.33.4 (KHTML, like Gecko) Version/3.0.5 Mobile/8B114 Safari/6533.33.4','YTozOntzOjY6Il90b2tlbiI7czo0MDoiODFHbnAyRmlubEc4NDRQV0VqVFBuNFdicW5ENTRpUTlkbmpJZFZEYiI7czo5OiJfcHJldmlvdXMiO2E6MTp7czozOiJ1cmwiO3M6MjY6Imh0dHBzOi8vc2VjdXJlc2NvcGUuY29tLmJyIjt9czo2OiJfZmxhc2giO2E6Mjp7czozOiJvbGQiO2E6MDp7fXM6MzoibmV3IjthOjA6e319fQ==',1759287799),('tTcRGDtreceYgBMCZYUJAohQrHaBgAZVbBCMfRu4',NULL,'198.235.24.29','','YTozOntzOjY6Il90b2tlbiI7czo0MDoiOG5LQ01ZcnhBUUlVZW1kUVFVUXBibURzVmhTajBQMkdFcnU0SGVFQiI7czo5OiJfcHJldmlvdXMiO2E6MTp7czozOiJ1cmwiO3M6MjY6Imh0dHBzOi8vc2VjdXJlc2NvcGUuY29tLmJyIjt9czo2OiJfZmxhc2giO2E6Mjp7czozOiJvbGQiO2E6MDp7fXM6MzoibmV3IjthOjA6e319fQ==',1760149719),('uRUGWN7pfXQoJSDrtYzydplDmfxF7LXjnMXVii8k',NULL,'162.142.125.216','Mozilla/5.0 (compatible; CensysInspect/1.1; +https://about.censys.io/)','YTozOntzOjY6Il90b2tlbiI7czo0MDoiQzlEeHdyNEZxNnEwWmRGdUJPdXFlNFhla3RLVmhWbHQzT3BpQm9wUCI7czo5OiJfcHJldmlvdXMiO2E6MTp7czozOiJ1cmwiO3M6MzA6Imh0dHA6Ly9tYWlsLnNlY3VyZXNjb3BlLmNvbS5iciI7fXM6NjoiX2ZsYXNoIjthOjI6e3M6Mzoib2xkIjthOjA6e31zOjM6Im5ldyI7YTowOnt9fX0=',1759322517),('WvcxSl3kCi94UfM0LHRmrTgJIqSruYRQrKe5ihut',NULL,'186.205.23.153','Mozilla/5.0 (Windows NT 10.0; Win64; x64) AppleWebKit/537.36 (KHTML, like Gecko) Chrome/140.0.0.0 Safari/537.36','YTozOntzOjY6Il90b2tlbiI7czo0MDoiUTFiYlVGQ2F1QXQ3cWN5cG5RQVVDMzBwZ3Q3djZaWkVVWm5iSjNQcyI7czo5OiJfcHJldmlvdXMiO2E6MTp7czozOiJ1cmwiO3M6MjY6Imh0dHBzOi8vc2VjdXJlc2NvcGUuY29tLmJyIjt9czo2OiJfZmxhc2giO2E6Mjp7czozOiJvbGQiO2E6MDp7fXM6MzoibmV3IjthOjA6e319fQ==',1759369838),('z2Nnq2jplL0YgpKeSmJWh4H27CK7MWJVVwVOaVUD',NULL,'184.154.139.34','Mozilla/5.0 (compatible; MSIE 9.0; Windows NT 6.1; WOW64; Trident/6.0)','YTozOntzOjY6Il90b2tlbiI7czo0MDoid1ZYMHBGNjRTb2xyS2ZlenIxc2QwdG1DUTUzN2RPMEYwUVhETXJjTCI7czo5OiJfcHJldmlvdXMiO2E6MTp7czozOiJ1cmwiO3M6MjU6Imh0dHA6Ly9zZWN1cmVzY29wZS5jb20uYnIiO31zOjY6Il9mbGFzaCI7YToyOntzOjM6Im9sZCI7YTowOnt9czozOiJuZXciO2E6MDp7fX19',1759300417),('ZnCL8gEjM7zXtZvpseOZJVcNNPq7Q2wUFaJz2oGu',NULL,'167.94.138.44','Mozilla/5.0 (compatible; CensysInspect/1.1; +https://about.censys.io/)','YTozOntzOjY6Il90b2tlbiI7czo0MDoiOXNkQ0xRRTZnQTJsampDZUtiUFJhMktWN0xUSVdXV2h2SlN4RnhoYyI7czo5OiJfcHJldmlvdXMiO2E6MTp7czozOiJ1cmwiO3M6MzE6Imh0dHBzOi8vbWFpbC5zZWN1cmVzY29wZS5jb20uYnIiO31zOjY6Il9mbGFzaCI7YToyOntzOjM6Im9sZCI7YTowOnt9czozOiJuZXciO2E6MDp7fX19',1759424088),('zZ3igHkY3LNHir827Vt4OHofuWj9axVDyuWVkpJp',NULL,'165.227.157.47','Mozilla/5.0 (X11; Linux x86_64; rv:139.0) Gecko/20100101 Firefox/139.0','YTozOntzOjY6Il90b2tlbiI7czo0MDoidm5jZFRxVjF5YVdWY2NoZ0Z3M2hnOWJreFY4dGRVUFJlSXhTQUM3MyI7czo5OiJfcHJldmlvdXMiO2E6MTp7czozOiJ1cmwiO3M6MjU6Imh0dHA6Ly9zZWN1cmVzY29wZS5jb20uYnIiO31zOjY6Il9mbGFzaCI7YToyOntzOjM6Im9sZCI7YTowOnt9czozOiJuZXciO2E6MDp7fX19',1759282524);
/*!40000 ALTER TABLE `sessions` ENABLE KEYS */;
UNLOCK TABLES;

--
-- Table structure for table `tags`
--

DROP TABLE IF EXISTS `tags`;
/*!40101 SET @saved_cs_client     = @@character_set_client */;
/*!50503 SET character_set_client = utf8mb4 */;
CREATE TABLE `tags` (
  `id` bigint(20) unsigned NOT NULL AUTO_INCREMENT,
  `nome` varchar(255) COLLATE utf8mb4_unicode_ci NOT NULL,
  `ativo` tinyint(1) NOT NULL DEFAULT '1',
  `data_cadastro` datetime NOT NULL DEFAULT '2025-03-09 15:11:23',
  `created_at` timestamp NULL DEFAULT NULL,
  `updated_at` timestamp NULL DEFAULT NULL,
  PRIMARY KEY (`id`)
) ENGINE=InnoDB AUTO_INCREMENT=78 DEFAULT CHARSET=utf8mb4 COLLATE=utf8mb4_unicode_ci;
/*!40101 SET character_set_client = @saved_cs_client */;

--
-- Dumping data for table `tags`
--

LOCK TABLES `tags` WRITE;
/*!40000 ALTER TABLE `tags` DISABLE KEYS */;
INSERT INTO `tags` VALUES (1,'Alto Risco',1,'2025-03-09 15:11:23','2025-03-25 00:38:03','2025-03-25 00:38:03'),(2,'Baixo Risco',1,'2025-03-09 15:11:23','2025-03-25 00:38:12','2025-03-25 00:38:12'),(3,'Portões',1,'2025-03-09 15:11:23','2025-03-26 19:45:42','2025-03-26 19:50:39'),(4,'Acesso Restrito',1,'2025-03-09 15:11:23','2025-03-26 19:51:14','2025-03-26 19:51:14'),(5,'Acessibilidade',1,'2025-03-09 15:11:23','2025-03-26 19:51:24','2025-03-26 19:51:24'),(6,'Estrutura',1,'2025-03-09 15:11:23','2025-03-26 19:51:51','2025-03-26 19:51:51'),(7,'CFTV',1,'2025-03-09 15:11:23','2025-03-26 19:52:21','2025-03-26 19:52:21'),(8,'Alarme',1,'2025-03-09 15:11:23','2025-03-26 19:52:34','2025-03-26 19:52:34'),(9,'Armamento',1,'2025-03-09 15:11:23','2025-03-26 19:52:45','2025-03-26 19:52:45'),(10,'Armamento Controlado',1,'2025-03-09 15:11:23','2025-03-26 19:52:58','2025-03-26 19:52:58'),(11,'Materiais',1,'2025-03-09 15:11:23','2025-03-26 19:53:05','2025-03-26 19:53:05'),(12,'Vulnerabilidade',1,'2025-03-09 15:11:23','2025-03-26 19:54:09','2025-03-26 19:54:09'),(13,'Auditoria',1,'2025-03-09 15:11:23','2025-03-26 19:54:23','2025-03-26 19:54:23'),(14,'Caixas Eletrônicos',1,'2025-03-09 15:11:23','2025-03-26 19:54:37','2025-03-26 19:54:37'),(15,'Riscos',1,'2025-03-09 15:11:23','2025-03-26 19:54:58','2025-03-26 19:54:58'),(16,'Backup',1,'2025-03-09 15:11:23','2025-03-26 19:55:02','2025-03-26 19:55:02'),(17,'Barreiras',1,'2025-03-09 15:11:23','2025-03-26 19:55:16','2025-03-26 19:55:16'),(18,'Blindagem',1,'2025-03-09 15:11:23','2025-03-26 19:55:24','2025-03-26 19:55:24'),(19,'Pânico',1,'2025-03-09 15:11:23','2025-03-26 19:56:05','2025-03-26 19:56:05'),(20,'Acompanhamento',1,'2025-03-09 15:11:23','2025-03-26 19:56:16','2025-03-26 22:36:02'),(21,'Capacitação',1,'2025-03-09 15:11:23','2025-03-26 19:56:29','2025-03-26 19:56:29'),(22,'Catracas',1,'2025-03-09 15:11:23','2025-03-26 19:56:50','2025-03-26 19:56:50'),(23,'Chaves',1,'2025-03-09 15:11:23','2025-03-26 19:57:13','2025-03-26 19:57:13'),(24,'Cercamento',1,'2025-03-09 15:11:23','2025-03-26 19:57:28','2025-03-26 19:57:28'),(25,'Vídeo',1,'2025-03-09 15:11:23','2025-03-26 19:57:33','2025-03-26 20:21:08'),(26,'Gerador',1,'2025-03-09 15:11:23','2025-03-26 19:57:41','2025-03-26 19:57:41'),(27,'Policial',1,'2025-03-09 15:11:23','2025-03-26 19:57:46','2025-03-26 19:57:46'),(28,'Comunicação',1,'2025-03-09 15:11:23','2025-03-26 19:57:55','2025-03-26 19:57:55'),(29,'Forças Públicas',1,'2025-03-09 15:11:23','2025-03-26 19:58:12','2025-03-26 19:58:12'),(30,'Contratual',1,'2025-03-09 15:11:23','2025-03-26 19:58:19','2025-03-26 19:58:19'),(31,'Revistas',1,'2025-03-09 15:11:23','2025-03-26 19:58:29','2025-03-26 19:58:29'),(32,'Emergência',1,'2025-03-09 15:11:23','2025-03-26 19:58:36','2025-03-26 19:58:36'),(33,'Biometria',1,'2025-03-09 15:11:23','2025-03-26 19:58:49','2025-03-26 19:58:49'),(34,'Veículos',1,'2025-03-09 15:11:23','2025-03-26 19:59:20','2025-03-26 19:59:20'),(35,'Credenciamento',1,'2025-03-09 15:11:23','2025-03-26 19:59:34','2025-03-26 19:59:34'),(36,'Detectores',1,'2025-03-09 15:11:23','2025-03-26 19:59:48','2025-03-26 19:59:48'),(37,'Documentação',1,'2025-03-09 15:11:23','2025-03-26 20:00:04','2025-03-26 20:00:04'),(38,'Empresas Terceirizadas',1,'2025-03-09 15:11:23','2025-03-26 20:00:12','2025-03-26 20:00:12'),(39,'Equipamentos',1,'2025-03-09 15:11:23','2025-03-26 20:00:21','2025-03-26 20:00:21'),(40,'Estado de Conservação',1,'2025-03-09 15:11:23','2025-03-26 20:01:57','2025-03-26 20:01:57'),(41,'Treinamento',1,'2025-03-09 15:11:23','2025-03-26 20:02:18','2025-03-26 20:02:18'),(42,'Torniquetes',1,'2025-03-09 15:11:23','2025-03-26 20:02:23','2025-03-26 20:02:23'),(43,'Controle de Acesso',1,'2025-03-09 15:11:23','2025-03-26 20:02:40','2025-03-26 20:02:40'),(44,'Turnos',1,'2025-03-09 15:11:23','2025-03-26 20:03:00','2025-03-26 20:03:00'),(45,'Guarita',1,'2025-03-09 15:11:23','2025-03-26 20:03:06','2025-03-26 20:03:06'),(46,'Heliponto',1,'2025-03-09 15:11:23','2025-03-26 20:03:16','2025-03-26 20:03:16'),(47,'Identificação',1,'2025-03-09 15:11:23','2025-03-26 20:03:22','2025-03-26 20:03:22'),(48,'Iluminação',1,'2025-03-09 15:11:23','2025-03-26 20:03:39','2025-03-26 20:03:39'),(49,'Segurança',1,'2025-03-09 15:11:23','2025-03-26 20:04:01','2025-03-26 20:04:01'),(50,'Energia',1,'2025-03-09 15:11:23','2025-03-26 20:04:07','2025-03-26 20:04:07'),(51,'Estacionamento',1,'2025-03-09 15:11:23','2025-03-26 20:04:15','2025-03-26 20:04:15'),(52,'Inspeção',1,'2025-03-09 15:11:23','2025-03-26 20:04:48','2025-03-26 20:04:48'),(53,'Integração',1,'2025-03-09 15:11:23','2025-03-26 20:05:03','2025-03-26 20:05:03'),(54,'Logs',1,'2025-03-09 15:11:23','2025-03-26 20:05:23','2025-03-26 20:05:23'),(55,'Manutenção',1,'2025-03-09 15:11:23','2025-03-26 20:05:51','2025-03-26 20:05:51'),(56,'Externo',1,'2025-03-09 15:11:23','2025-03-26 20:05:59','2025-03-26 20:05:59'),(57,'Individual',1,'2025-03-09 15:11:23','2025-03-26 20:06:17','2025-03-26 20:06:17'),(58,'Remoto',1,'2025-03-09 15:11:23','2025-03-26 20:06:26','2025-03-26 20:06:26'),(59,'Contingência',1,'2025-03-09 15:11:23','2025-03-26 20:06:36','2025-03-26 20:06:36'),(60,'Crise',1,'2025-03-09 15:11:23','2025-03-26 20:06:44','2025-03-26 20:06:44'),(61,'Câmeras',1,'2025-03-09 15:11:23','2025-03-26 20:07:11','2025-03-26 20:07:11'),(62,'Vigilância',1,'2025-03-09 15:11:23','2025-03-26 20:07:16','2025-03-26 20:07:16'),(63,'Furtos',1,'2025-03-09 15:11:23','2025-03-26 20:07:32','2025-03-26 20:07:32'),(64,'Dados',1,'2025-03-09 15:11:23','2025-03-26 20:07:53','2025-03-26 20:07:53'),(65,'Mercadorias',1,'2025-03-09 15:11:23','2025-03-26 20:08:12','2025-03-26 20:08:12'),(66,'Externa',1,'2025-03-09 15:11:23','2025-03-26 20:08:22','2025-03-26 20:08:22'),(67,'Patrimonial',1,'2025-03-09 15:11:23','2025-03-26 20:08:31','2025-03-26 20:08:31'),(68,'Proteção',1,'2025-03-09 15:11:23','2025-03-26 20:08:57','2025-03-26 20:08:57'),(69,'Serviços de Emergência',1,'2025-03-09 15:11:23','2025-03-26 20:09:08','2025-03-26 20:09:08'),(70,'Visitantes',1,'2025-03-09 15:11:23','2025-03-26 20:09:36','2025-03-26 20:09:36'),(71,'Ronda',1,'2025-03-09 15:11:23','2025-03-26 20:09:50','2025-03-26 20:09:50'),(72,'Detecção',1,'2025-03-09 15:11:23','2025-03-26 20:10:22','2025-03-26 20:10:22'),(73,'Mitigação',1,'2025-03-09 15:11:23','2025-03-26 20:10:52','2025-03-26 20:10:52'),(74,'Incêndio',1,'2025-03-09 15:11:23','2025-03-26 20:11:09','2025-03-26 20:11:09'),(75,'Uniformização',1,'2025-03-09 15:11:23','2025-03-26 20:11:25','2025-03-26 20:11:25'),(76,'Vestiários',1,'2025-03-09 15:11:23','2025-03-26 20:12:02','2025-03-26 20:12:02'),(77,'Vigilância 24h',1,'2025-03-09 15:11:23','2025-03-26 20:12:27','2025-03-26 20:12:27');
/*!40000 ALTER TABLE `tags` ENABLE KEYS */;
UNLOCK TABLES;

--
-- Table structure for table `tematicas`
--

DROP TABLE IF EXISTS `tematicas`;
/*!40101 SET @saved_cs_client     = @@character_set_client */;
/*!50503 SET character_set_client = utf8mb4 */;
CREATE TABLE `tematicas` (
  `id` bigint(20) unsigned NOT NULL AUTO_INCREMENT,
  `nome` varchar(255) COLLATE utf8mb4_unicode_ci NOT NULL,
  `ativo` tinyint(1) NOT NULL DEFAULT '1',
  `data_cadastro` datetime NOT NULL DEFAULT '2025-03-09 15:11:23',
  `created_at` timestamp NULL DEFAULT NULL,
  `updated_at` timestamp NULL DEFAULT NULL,
  PRIMARY KEY (`id`)
) ENGINE=InnoDB AUTO_INCREMENT=6 DEFAULT CHARSET=utf8mb4 COLLATE=utf8mb4_unicode_ci;
/*!40101 SET character_set_client = @saved_cs_client */;

--
-- Dumping data for table `tematicas`
--

LOCK TABLES `tematicas` WRITE;
/*!40000 ALTER TABLE `tematicas` DISABLE KEYS */;
INSERT INTO `tematicas` VALUES (1,'Tecnologia',1,'2025-03-09 15:11:23','2025-03-25 00:35:47','2025-03-25 00:35:47'),(2,'Pessoas',1,'2025-03-09 15:11:23','2025-03-25 00:35:55','2025-03-25 00:35:55'),(3,'Processos',1,'2025-03-09 15:11:23','2025-03-25 01:39:56','2025-06-29 12:13:31'),(4,'Informação',1,'2025-03-09 15:11:23','2025-03-25 01:40:04','2025-06-29 12:13:49'),(5,'Gestão',1,'2025-03-09 15:11:23','2025-06-29 12:14:06','2025-06-29 12:14:06');
/*!40000 ALTER TABLE `tematicas` ENABLE KEYS */;
UNLOCK TABLES;

--
-- Table structure for table `tipos_empreendimentos`
--

DROP TABLE IF EXISTS `tipos_empreendimentos`;
/*!40101 SET @saved_cs_client     = @@character_set_client */;
/*!50503 SET character_set_client = utf8mb4 */;
CREATE TABLE `tipos_empreendimentos` (
  `id` bigint(20) unsigned NOT NULL AUTO_INCREMENT,
  `nome` varchar(255) COLLATE utf8mb4_unicode_ci NOT NULL,
  `ativo` tinyint(1) NOT NULL DEFAULT '1',
  `data_cadastro` datetime NOT NULL DEFAULT '2025-03-09 15:11:23',
  `created_at` timestamp NULL DEFAULT NULL,
  `updated_at` timestamp NULL DEFAULT NULL,
  PRIMARY KEY (`id`)
) ENGINE=InnoDB AUTO_INCREMENT=13 DEFAULT CHARSET=utf8mb4 COLLATE=utf8mb4_unicode_ci;
/*!40101 SET character_set_client = @saved_cs_client */;

--
-- Dumping data for table `tipos_empreendimentos`
--

LOCK TABLES `tipos_empreendimentos` WRITE;
/*!40000 ALTER TABLE `tipos_empreendimentos` DISABLE KEYS */;
INSERT INTO `tipos_empreendimentos` VALUES (1,'Residências',1,'2025-03-09 15:11:23','2025-03-17 23:59:30','2025-03-25 01:37:32'),(2,'Condomínios Residenciais',1,'2025-03-09 15:11:23','2025-03-25 00:37:07','2025-03-25 01:38:13'),(3,'Edifício Comercial',1,'2025-03-09 15:11:23','2025-03-25 01:38:28','2025-03-25 01:38:28'),(4,'Shopping',1,'2025-03-09 15:11:23','2025-03-25 01:38:35','2025-03-25 01:38:35'),(5,'Varejo (lojas e mercados)',1,'2025-03-09 15:11:23','2025-03-25 01:38:47','2025-03-25 01:38:47'),(6,'Centro de Distribuição',1,'2025-03-09 15:11:23','2025-03-25 01:38:56','2025-03-25 01:38:56'),(7,'Indústria Alimentícia',1,'2025-03-09 15:11:23','2025-03-25 01:39:07','2025-03-25 01:39:07'),(8,'Indústria',1,'2025-03-09 15:11:23','2025-03-25 01:39:17','2025-03-25 01:39:17'),(9,'Petróleo e Gás',1,'2025-03-09 15:11:23','2025-03-25 01:39:27','2025-03-25 01:39:27'),(10,'Educação',1,'2025-03-09 15:11:23','2025-03-25 01:39:35','2025-03-25 01:39:35'),(11,'Terminal Portuario',1,'2025-03-09 15:11:23','2025-07-03 12:21:38','2025-07-03 12:21:38'),(12,'Telecomunicações',1,'2025-03-09 15:11:23','2025-08-19 17:50:03','2025-08-19 17:50:03');
/*!40000 ALTER TABLE `tipos_empreendimentos` ENABLE KEYS */;
UNLOCK TABLES;

--
-- Table structure for table `topicos`
--

DROP TABLE IF EXISTS `topicos`;
/*!40101 SET @saved_cs_client     = @@character_set_client */;
/*!50503 SET character_set_client = utf8mb4 */;
CREATE TABLE `topicos` (
  `id` bigint(20) unsigned NOT NULL AUTO_INCREMENT,
  `nome` varchar(255) COLLATE utf8mb4_unicode_ci NOT NULL,
  `ativo` tinyint(1) NOT NULL DEFAULT '1',
  `data_cadastro` datetime NOT NULL DEFAULT '2025-03-09 15:11:23',
  `created_at` timestamp NULL DEFAULT NULL,
  `updated_at` timestamp NULL DEFAULT NULL,
  PRIMARY KEY (`id`)
) ENGINE=InnoDB AUTO_INCREMENT=43 DEFAULT CHARSET=utf8mb4 COLLATE=utf8mb4_unicode_ci;
/*!40101 SET character_set_client = @saved_cs_client */;

--
-- Dumping data for table `topicos`
--

LOCK TABLES `topicos` WRITE;
/*!40000 ALTER TABLE `topicos` DISABLE KEYS */;
INSERT INTO `topicos` VALUES (1,'Barreira Perimetral',1,'2025-03-09 15:11:23','2025-03-25 00:36:21','2025-03-25 00:36:21'),(2,'Barreira Física',1,'2025-03-09 15:11:23','2025-03-25 00:36:28','2025-03-25 00:36:28'),(3,'Cerca Elétrica',1,'2025-03-09 15:11:23','2025-03-25 01:44:23','2025-03-25 01:44:23'),(4,'CFTV',1,'2025-03-09 15:11:23','2025-03-25 01:44:30','2025-03-25 01:44:30'),(5,'Empilhadeira',1,'2025-03-09 15:11:23','2025-03-25 01:44:39','2025-03-25 01:44:39'),(6,'Iluminação',1,'2025-03-09 15:11:23','2025-03-25 01:44:47','2025-03-25 01:44:47'),(7,'Drone',1,'2025-03-09 15:11:23','2025-03-25 01:44:52','2025-03-25 01:44:52'),(8,'Ronda',1,'2025-03-09 15:11:23','2025-03-25 01:44:57','2025-03-25 01:44:57'),(9,'Infraestrutura',1,'2025-03-09 15:11:23','2025-03-25 01:45:03','2025-03-25 01:45:03'),(10,'Controle De Acesso',1,'2025-03-09 15:11:23','2025-03-25 01:45:11','2025-03-25 01:45:11'),(11,'Emergência',1,'2025-03-09 15:11:23','2025-03-25 01:45:18','2025-03-25 01:45:18'),(12,'Postos',1,'2025-03-09 15:11:23','2025-03-25 01:45:26','2025-03-25 01:45:26'),(13,'Recepção',1,'2025-03-09 15:11:23','2025-03-25 01:45:32','2025-03-25 01:45:32'),(14,'Procedimento',1,'2025-03-09 15:11:23','2025-03-25 01:45:38','2025-03-25 01:45:38'),(15,'Revista',1,'2025-03-09 15:11:23','2025-03-25 01:45:45','2025-03-25 01:45:45'),(16,'Portão',1,'2025-03-09 15:11:23','2025-03-25 01:45:50','2025-03-25 01:45:50'),(17,'Sensores',1,'2025-03-09 15:11:23','2025-03-25 01:45:56','2025-03-25 01:45:56'),(18,'Sensoriamento Perimetral',1,'2025-03-09 15:11:23','2025-03-25 01:46:07','2025-03-25 01:46:07'),(19,'Eclusa',1,'2025-03-09 15:11:23','2025-03-25 01:46:18','2025-03-25 01:46:18'),(20,'Operacional',1,'2025-03-09 15:11:23','2025-03-25 01:46:24','2025-03-25 01:46:24'),(21,'Estrutura',1,'2025-03-09 15:11:23','2025-03-25 01:46:31','2025-03-25 01:46:31'),(22,'Estacionamento',1,'2025-03-09 15:11:23','2025-03-25 01:46:37','2025-03-25 01:46:37'),(23,'Relacionamento com Órgãos Públicos',1,'2025-03-09 15:11:23','2025-03-25 01:47:00','2025-03-25 01:47:00'),(24,'Caixa Bancário',1,'2025-03-09 15:11:23','2025-03-25 01:47:12','2025-03-25 01:47:12'),(25,'Alarme',1,'2025-03-09 15:11:23','2025-03-25 01:47:19','2025-03-25 01:47:19'),(26,'Estrutura Física',1,'2025-03-09 15:11:23','2025-03-25 01:47:28','2025-03-25 01:47:28'),(27,'Tecnologia',1,'2025-03-09 15:11:23','2025-03-25 01:47:34','2025-03-25 01:47:34'),(28,'Empilhadeira',1,'2025-03-09 15:11:23','2025-03-25 01:47:39','2025-03-25 01:47:39'),(29,'Gerador De Energia',1,'2025-03-09 15:11:23','2025-03-25 01:47:48','2025-03-25 01:47:48'),(30,'Portas De Emergência',1,'2025-03-09 15:11:23','2025-03-25 01:48:00','2025-03-25 01:48:00'),(31,'Criminalidade',1,'2025-03-09 15:11:23','2025-03-25 01:48:07','2025-03-25 01:48:07'),(32,'Cx Eletrônico',1,'2025-03-09 15:11:23','2025-03-25 01:48:14','2025-03-25 01:48:14'),(33,'Gerador de Neblina',1,'2025-03-09 15:11:23','2025-03-25 01:48:28','2025-03-25 01:48:58'),(34,'Informações Gerais',1,'2025-03-09 15:11:23','2025-03-25 01:49:11','2025-03-25 01:49:11'),(35,'Equipe',1,'2025-03-09 15:11:23','2025-03-25 01:49:17','2025-03-25 01:49:17'),(36,'Equipamentos da Segurança',1,'2025-03-09 15:11:23','2025-03-25 01:49:26','2025-03-25 01:49:26'),(37,'Vigilante',1,'2025-03-09 15:11:23','2025-03-25 01:49:34','2025-03-25 01:49:34'),(38,'Gerador',1,'2025-03-09 15:11:23','2025-03-25 01:49:40','2025-03-25 01:49:40'),(39,'Blindagem',1,'2025-03-09 15:11:23','2025-03-25 01:49:47','2025-03-25 01:49:47'),(40,'Monitoramento',1,'2025-03-09 15:11:23','2025-03-25 01:49:53','2025-03-25 01:49:53'),(41,'Treinamento',1,'2025-03-09 15:11:23','2025-03-25 01:50:00','2025-03-25 01:50:00'),(42,'No Break',1,'2025-03-09 15:11:23','2025-03-25 01:50:16','2025-03-25 01:50:16');
/*!40000 ALTER TABLE `topicos` ENABLE KEYS */;
UNLOCK TABLES;

--
-- Table structure for table `users`
--

DROP TABLE IF EXISTS `users`;
/*!40101 SET @saved_cs_client     = @@character_set_client */;
/*!50503 SET character_set_client = utf8mb4 */;
CREATE TABLE `users` (
  `id` bigint(20) unsigned NOT NULL AUTO_INCREMENT,
  `nome` varchar(255) COLLATE utf8mb4_unicode_ci NOT NULL,
  `atribuicao` varchar(50) COLLATE utf8mb4_unicode_ci NOT NULL,
  `ativo` tinyint(1) NOT NULL DEFAULT '1',
  `cpf_cnpj` varchar(20) COLLATE utf8mb4_unicode_ci NOT NULL,
  `email` varchar(255) COLLATE utf8mb4_unicode_ci NOT NULL,
  `senha` varchar(255) COLLATE utf8mb4_unicode_ci DEFAULT NULL,
  `whatsapp` varchar(20) COLLATE utf8mb4_unicode_ci NOT NULL,
  `data_cadastro` datetime NOT NULL DEFAULT '2025-03-09 15:11:23',
  `empresa_id` bigint(20) unsigned DEFAULT NULL,
  `created_at` timestamp NULL DEFAULT NULL,
  `updated_at` timestamp NULL DEFAULT NULL,
  PRIMARY KEY (`id`),
  KEY `users_empresa_id_foreign` (`empresa_id`),
  CONSTRAINT `users_empresa_id_foreign` FOREIGN KEY (`empresa_id`) REFERENCES `empresas` (`id`)
) ENGINE=InnoDB AUTO_INCREMENT=17 DEFAULT CHARSET=utf8mb4 COLLATE=utf8mb4_unicode_ci;
/*!40101 SET character_set_client = @saved_cs_client */;

--
-- Dumping data for table `users`
--

LOCK TABLES `users` WRITE;
/*!40000 ALTER TABLE `users` DISABLE KEYS */;
INSERT INTO `users` VALUES (1,'Artur Borges','administrador',1,'145.475.167-31','arturborges2009@hotmail.com','$2y$10$nmbF4Uysed9KIZFs2LBOn.IDGdP5KvSfxLvlXupkiVXYrlpm4vDMK','21981672720','2025-03-09 15:11:23',NULL,'2025-03-09 18:14:59','2025-03-11 07:52:43'),(2,'Thiago Coutinho','administrador',1,'186.762.527-00','thiago.ocoutinho@hotmail.com','$2y$10$r6.lGqC0j4pr0fU0arJ.buwfPqERvFBm4en2xltoPi2JdATT3AYca','21972757281','2025-03-09 15:11:23',NULL,'2025-03-09 18:14:59','2025-03-12 02:33:08'),(3,'Mateus Maldonado','administrador',1,'146.647.217-06','mateusmald@gmail.com','$2y$10$3g5zUY3TlSp/EQVMBxVBHe65NAh7PGVASH8xAt2p.0WJ4VPyOIRKy','21974679898','2025-03-09 15:11:23',NULL,'2025-03-09 18:14:59','2025-07-24 01:02:20'),(4,'Thiago','rh',1,'032.692.320-98','thiago.olicoutinho@gmail.com','$2y$10$IoZ5Z10/2z76rEqEKhRDlOEnpTutb5p/CoFh9i.dZu5PZPATxc2Li','(21) 97275-7281','2025-03-09 15:11:23',2,'2025-04-01 00:12:13','2025-04-01 00:13:23'),(5,'Consultor 1','agente',1,'400.949.530-82','consultor1@protecseg.com.br','$2y$10$RG6QxVVmzM4B9YreQrAM6eKTuc9o4BXem4kegUayGC9MGVnraiKZe','(11) 99876-5432','2025-03-09 15:11:23',2,'2025-04-02 23:02:12','2025-05-12 00:16:10'),(6,'Consultor 2','agente',1,'509.849.480-07','consultor2@protecseg.com.br',NULL,'(21) 98765-4321','2025-03-09 15:11:23',2,'2025-04-02 23:02:46','2025-04-02 23:02:46'),(7,'Consultor 3','agente',1,'602.317.590-29','consultor3@protecseg.com.br',NULL,'(31) 99987-6543','2025-03-09 15:11:23',2,'2025-04-02 23:03:21','2025-04-02 23:03:21'),(8,'Gerente','gerente',1,'113.319.760-49','gerente@protecseg.com.br',NULL,'(51) 98765-6789','2025-03-09 15:11:23',2,'2025-04-02 23:03:51','2025-04-02 23:03:51'),(9,'Consultor 1','agente',1,'279.511.670-70','consultor1@riskzero.com.br',NULL,'(11) 98876-5432','2025-03-09 15:11:23',3,'2025-04-02 23:10:12','2025-04-02 23:10:12'),(10,'Miguel','rh',1,'186.747.370-48','miguel@riskzero.com.br','$2y$10$OajeXloJUDdB1AxxwTuDnOhxLVmJ2aazPxmW2jMzrYYYPox4XE03a','(41) 99876-1234','2025-03-09 15:11:23',2,'2025-04-02 23:11:20','2025-05-13 01:59:25'),(11,'Consultor 2','agente',1,'015.245.580-95','consultor2@riskzero.com.br',NULL,'(21) 98766-4321','2025-03-09 15:11:23',3,'2025-04-02 23:12:38','2025-04-02 23:17:43'),(12,'Consultor 3','agente',1,'558.050.120-06','consultor3@riskzero.com.br',NULL,'(31) 99988-6543','2025-03-09 15:11:23',3,'2025-04-02 23:13:31','2025-04-02 23:13:31'),(13,'Gerente','gerente',1,'418.571.280-44','gerente@riskzero.com.br',NULL,'(51) 98766-6789','2025-03-09 15:11:23',3,'2025-04-02 23:14:02','2025-04-02 23:14:02'),(14,'Mateus','rh',1,'015.801.910-53','mateus@safeguard.com.br',NULL,'(41) 99876-1234','2025-03-09 15:11:23',1,'2025-04-02 23:15:38','2025-04-02 23:15:38'),(15,'Consultor 1','gerente',0,'713.013.100-42','consultor1@safeguard.com.br','$2y$10$kia9v3OFJqN9WfOuIATxT.W5jvEEhxErdjNDkioL7pYDkINU34smC','(11) 98765-4321','2025-03-09 15:11:23',1,'2025-04-02 23:16:13','2025-07-12 12:28:52'),(16,'Gerente','gerente',1,'090.773.300-03','gerente@safeguard.com.br','$2y$10$sBDslDs0xaTx6GSz.VrgM.BBeWjUxTbvGy8cJL.3H1r.wjocS9mNq','(21) 99876-5432','2025-03-09 15:11:23',2,'2025-04-02 23:16:48','2025-05-12 21:54:21');
/*!40000 ALTER TABLE `users` ENABLE KEYS */;
UNLOCK TABLES;

--
-- Dumping routines for database 'secur168_securescope'
--
/*!40103 SET TIME_ZONE=@OLD_TIME_ZONE */;

/*!40101 SET SQL_MODE=@OLD_SQL_MODE */;
/*!40014 SET FOREIGN_KEY_CHECKS=@OLD_FOREIGN_KEY_CHECKS */;
/*!40014 SET UNIQUE_CHECKS=@OLD_UNIQUE_CHECKS */;
/*!40101 SET CHARACTER_SET_CLIENT=@OLD_CHARACTER_SET_CLIENT */;
/*!40101 SET CHARACTER_SET_RESULTS=@OLD_CHARACTER_SET_RESULTS */;
/*!40101 SET COLLATION_CONNECTION=@OLD_COLLATION_CONNECTION */;
/*!40111 SET SQL_NOTES=@OLD_SQL_NOTES */;

-- Dump completed on 2026-02-01 21:04:52
